/*
Navicat MySQL Data Transfer

Source Server         : mysql-connetion-changan
Source Server Version : 80015
Source Host           : localhost:3306
Source Database       : cfiltering

Target Server Type    : MYSQL
Target Server Version : 80015
File Encoding         : 65001

Date: 2019-06-29 15:50:47
*/

SET FOREIGN_KEY_CHECKS=0;

-- ----------------------------
-- Table structure for `author`
-- ----------------------------
DROP TABLE IF EXISTS `author`;
CREATE TABLE `author` (
  `id` int(11) NOT NULL AUTO_INCREMENT,
  `name` varchar(20) DEFAULT NULL,
  `nationality` varchar(30) DEFAULT NULL,
  PRIMARY KEY (`id`)
) ENGINE=InnoDB AUTO_INCREMENT=68 DEFAULT CHARSET=utf8;

-- ----------------------------
-- Records of author
-- ----------------------------
INSERT INTO `author` VALUES ('5', '长安', '中国');
INSERT INTO `author` VALUES ('6', '王雷 魏焕新', '英国');
INSERT INTO `author` VALUES ('7', '洛伊安妮·格罗纳', '英国');
INSERT INTO `author` VALUES ('8', ' 龚奕利 贺莲译 ', '中国');
INSERT INTO `author` VALUES ('9', 'Alfred V. Aho', '英国');
INSERT INTO `author` VALUES ('10', '斯托林斯', '英国');
INSERT INTO `author` VALUES ('11', '2012年1月1日', '美国');
INSERT INTO `author` VALUES ('12', '刘艺', '中国');
INSERT INTO `author` VALUES ('13', '拉莫斯(André LaMothe)', '美国');
INSERT INTO `author` VALUES ('14', '符旭凌', '中国');
INSERT INTO `author` VALUES ('15', '阮一峰', '中国');
INSERT INTO `author` VALUES ('16', '比尔·菲利普斯', '美国');
INSERT INTO `author` VALUES ('17', '埃史尔', '英国');
INSERT INTO `author` VALUES ('18', '王石磊', '中国');
INSERT INTO `author` VALUES ('19', '张益珲', '中国');
INSERT INTO `author` VALUES ('20', '亚历山大·麦克劳德', '美国');
INSERT INTO `author` VALUES ('21', 'InfoQ中文站', '中国');
INSERT INTO `author` VALUES ('22', '阿尔文德·纳拉亚南', '美国');
INSERT INTO `author` VALUES ('23', '蒋勇', '中国');
INSERT INTO `author` VALUES ('24', '[日]山下隆义', '日本');
INSERT INTO `author` VALUES ('25', '腾讯研究院', '中国');
INSERT INTO `author` VALUES ('26', '赵其刚', '中国');
INSERT INTO `author` VALUES ('27', '闫莺 ', '中国');
INSERT INTO `author` VALUES ('28', '巴拉·达什潘德', '美国');
INSERT INTO `author` VALUES ('29', '张良均 ', '中国');
INSERT INTO `author` VALUES ('30', '龚奕利', '中国');
INSERT INTO `author` VALUES ('31', '庞丽萍', '作者国籍');
INSERT INTO `author` VALUES ('32', '安德鲁 S.塔嫩鲍姆', '美国');
INSERT INTO `author` VALUES ('33', 'Alfred V. Aho', '美国');
INSERT INTO `author` VALUES ('34', '阿霍(Alfred V.Aho) ', '美国');
INSERT INTO `author` VALUES ('35', 'Thomas H.Cormen', '美国');
INSERT INTO `author` VALUES ('36', 'Timothy J.O\'Leary', '美国');
INSERT INTO `author` VALUES ('37', '郭文琦 ', '中国');
INSERT INTO `author` VALUES ('38', '陈艳', '中国');
INSERT INTO `author` VALUES ('39', '邱晓红', '中国');
INSERT INTO `author` VALUES ('40', '麦克唐纳', '日本');
INSERT INTO `author` VALUES ('41', 'Ben Frain', '英国');
INSERT INTO `author` VALUES ('42', 'Charles', '英国');
INSERT INTO `author` VALUES ('43', 'Douglas Crockford', '作者国籍');
INSERT INTO `author` VALUES ('44', '泽卡斯', '日本');
INSERT INTO `author` VALUES ('45', 'Stephen Prata', '英国');
INSERT INTO `author` VALUES ('46', 'Jon Skeet', '英国');
INSERT INTO `author` VALUES ('47', 'Christian Nagel', '英国');
INSERT INTO `author` VALUES ('48', '克雷格·沃斯', '英国');
INSERT INTO `author` VALUES ('49', '戴维 A. 布莱克', '英国');
INSERT INTO `author` VALUES ('50', '秦靖、 刘存勇', '中国');
INSERT INTO `author` VALUES ('51', 'Kristina Chodorow', '英国');
INSERT INTO `author` VALUES ('52', '丹·麦克雷', '美国');
INSERT INTO `author` VALUES ('53', '向治洪', '英国');
INSERT INTO `author` VALUES ('54', '艾森曼', '美国');
INSERT INTO `author` VALUES ('55', '黄仁祥', '中国');
INSERT INTO `author` VALUES ('56', '布莱恩·克里斯汀', '英国');
INSERT INTO `author` VALUES ('57', '牛顿', '英国');
INSERT INTO `author` VALUES ('58', '赵旻', '中国');
INSERT INTO `author` VALUES ('59', '刘天斯', '中国');
INSERT INTO `author` VALUES ('60', '黄临川、 赵竹宇', '中国');
INSERT INTO `author` VALUES ('61', '韩宇', '中国');
INSERT INTO `author` VALUES ('62', '陈嘉栋', '中国');
INSERT INTO `author` VALUES ('63', '陈小龙', '中国');
INSERT INTO `author` VALUES ('64', '亚历克斯•班克斯', '英国');
INSERT INTO `author` VALUES ('65', '刘博文', '中国');
INSERT INTO `author` VALUES ('66', ' DellLee', '中国');
INSERT INTO `author` VALUES ('67', '曾国强', '中国');

-- ----------------------------
-- Table structure for `books`
-- ----------------------------
DROP TABLE IF EXISTS `books`;
CREATE TABLE `books` (
  `id` int(11) NOT NULL AUTO_INCREMENT,
  `name` varchar(128) DEFAULT NULL,
  `create_time` varchar(255) DEFAULT NULL,
  `last_edit_time` varchar(255) DEFAULT NULL,
  `book_version` varchar(255) DEFAULT NULL,
  `book_desc` longtext,
  `content` longtext,
  `new_book_flag` int(11) DEFAULT NULL,
  `skill_boost_flag` int(11) DEFAULT NULL,
  `begin_book_flag` int(11) DEFAULT NULL,
  `author_id` int(11) DEFAULT NULL,
  `publish_id` int(11) DEFAULT NULL,
  PRIMARY KEY (`id`),
  KEY `FKdh6rjf063y1kmud3t0vrmrlo3` (`author_id`),
  KEY `FKacqgxmrdnxknvouc6idun91bm` (`publish_id`),
  CONSTRAINT `FKacqgxmrdnxknvouc6idun91bm` FOREIGN KEY (`publish_id`) REFERENCES `publish` (`id`),
  CONSTRAINT `FKdh6rjf063y1kmud3t0vrmrlo3` FOREIGN KEY (`author_id`) REFERENCES `author` (`id`)
) ENGINE=InnoDB AUTO_INCREMENT=68 DEFAULT CHARSET=utf8;

-- ----------------------------
-- Records of books
-- ----------------------------
INSERT INTO `books` VALUES ('5', 'Google资深工程师深度讲解Go语言', '2019-03-15 21:53:27', '2019-03-15 21:53:27', '2002年第一版', 'Go语言没有class，只有struct。我们来看看struct如何使用，Go语言给结构体定义类似方法或者成员函数的做法非常有特色。我们还将学习Go语言的包的概念，以及如何封装，如何扩展已有类型等。我们还将学习GOPATH和Go语言项目的目录结构，如何从网上下载依赖包等一系列项目相关的知识。我们将以“树”的结构和遍历作为贯穿本章', '1-1 为什么学习git,\r\n1-2 Git的安装;\r\n第2章 Git仓库创建及工作量,\r\n2-1  创建仓库,\r\n2-2 工作流;\r\n第三章 Git主要功能,\r\n3-1 远程仓库,\r\n3-2 克隆仓库,\r\n3-3 标签管理,\r\n3-4 分支管理;\r\n第四章 音视频互通,\r\n4-1 媒体能力协商过程Offer/Answer,\r\n4-2 端到端传输基本流程,\r\n4-3 音视频端对端传输,\r\n4-4 获取 Offer/Answer的SDP,\r\n4-5 STUN/TURN服务器搭建,\r\n4-6 1:1实时互动直播的实现;\r\n第五章 RTP/RTCP,\r\n5-1 RTP协议分析,\r\n5-2 RTCP协议分析,\r\n5-3 DTLS/SRTP;\r\n第六章 数据统计与网络质量,\r\n6-1 编解码器的统计信息,\r\n6-2 当前接收到的RTP包的统计信息,\r\n6-3 发送的RTP包统计信息,\r\n6-4 远端接收与发送RTP包的统计信息,\r\n6-5 网络候选者的统计信息', '1', '0', '0', '5', '1');
INSERT INTO `books` VALUES ('6', '计算机网络原理基础', '2019-04-08 22:38:29', '2019-04-08 22:38:29', '第3版 (2017年5月1日)', '本书系统地介绍计算机网络的工作原理、协议及其实现技术。全书由10章组成，在概述计算机网络基本概念、基本理论的基础上，主要讨论数据通信基础、数据链路控制、局域网、网络互连及其协议包括移动IP技术、路由技术、网络传输服务包括协议分析、网络应用、多媒体通信网包括IP电话和流控制传输协议（SCTP）、网络性能分析与评价，以及网络仿真及其仿真工具等，反映了当前计算机网络领域的最新技术和理论成果', '1-1 为什么学习git,\r\n1-2 Git的安装;\r\n第2章 Git仓库创建及工作量,\r\n2-1  创建仓库,\r\n2-2 工作流;\r\n第三章 Git主要功能,\r\n3-1 远程仓库,\r\n3-2 克隆仓库,\r\n3-3 标签管理,\r\n3-4 分支管理;\r\n第四章 音视频互通,\r\n4-1 媒体能力协商过程Offer/Answer,\r\n4-2 端到端传输基本流程,\r\n4-3 音视频端对端传输,\r\n4-4 获取 Offer/Answer的SDP,\r\n4-5 STUN/TURN服务器搭建,\r\n4-6 1:1实时互动直播的实现;\r\n第五章 RTP/RTCP,\r\n5-1 RTP协议分析,\r\n5-2 RTCP协议分析,\r\n5-3 DTLS/SRTP;\r\n第六章 数据统计与网络质量,\r\n6-1 编解码器的统计信息,\r\n6-2 当前接收到的RTP包的统计信息,\r\n6-3 发送的RTP包统计信息,\r\n6-4 远端接收与发送RTP包的统计信息,\r\n6-5 网络候选者的统计信息', '1', '0', '0', '6', '2');
INSERT INTO `books` VALUES ('7', 'JavaScript版 数据结构与算法 ', '2019-04-08 22:40:55', '2019-04-08 22:40:55', '2017年9月1日', '本书首先介绍了JavaScript 语言的基础知识以及ES6 和ES7 中引入的新功能，接下来讨论了数组、栈、队列、链表、集合、字典、散列表、树、图等数据结构，之后探讨了各种排序和搜索算法，包括冒泡排序、选择排序、插入排序、归并排序、快速排序、堆排序、计数排序、桶排序、基数排序、顺序搜索、二分搜索，然后介绍了动态规划和贪心算法等常用的高-级算法以及函数式编程，zui后还介绍了如何计算算法的复杂度', '1-1 为什么学习git,\r\n1-2 Git的安装;\r\n第2章 Git仓库创建及工作量,\r\n2-1  创建仓库,\r\n2-2 工作流;\r\n第三章 Git主要功能,\r\n3-1 远程仓库,\r\n3-2 克隆仓库,\r\n3-3 标签管理,\r\n3-4 分支管理;\r\n第四章 音视频互通,\r\n4-1 媒体能力协商过程Offer/Answer,\r\n4-2 端到端传输基本流程,\r\n4-3 音视频端对端传输,\r\n4-4 获取 Offer/Answer的SDP,\r\n4-5 STUN/TURN服务器搭建,\r\n4-6 1:1实时互动直播的实现;\r\n第五章 RTP/RTCP,\r\n5-1 RTP协议分析,\r\n5-2 RTCP协议分析,\r\n5-3 DTLS/SRTP;\r\n第六章 数据统计与网络质量,\r\n6-1 编解码器的统计信息,\r\n6-2 当前接收到的RTP包的统计信息,\r\n6-3 发送的RTP包统计信息,\r\n6-4 远端接收与发送RTP包的统计信息,\r\n6-5 网络候选者的统计信息', '0', '1', '0', '7', '2');
INSERT INTO `books` VALUES ('8', '深入理解计算机系统', '2019-04-08 22:42:30', '2019-04-08 22:42:30', '2016年11月28日', '• 基于x86-64，大量地重写代码，首次介绍对处理浮点数据的程序的机器级支持。\r\n• 处理器体系结构修改为支持64位字和操作的设计。\r\n• 引入更多的功能单元和更复杂的控制逻辑，使基于程序数据流表示的程序性能模型预测更加可靠。\r\n• 扩充关于用GOT和PLT创建与位置无关代码的讨论，描述了更加强大的链接技术（比如库打桩）。\r\n• 增加了对信号处理程序更细致的描述，包括异步信号安全的函数等。\r\n• 采用最新函数，更新了与协议无关和线程安全的网络编程。', '1-1 为什么学习git,\r\n1-2 Git的安装;\r\n第2章 Git仓库创建及工作量,\r\n2-1  创建仓库,\r\n2-2 工作流;\r\n第三章 Git主要功能,\r\n3-1 远程仓库,\r\n3-2 克隆仓库,\r\n3-3 标签管理,\r\n3-4 分支管理;\r\n第四章 音视频互通,\r\n4-1 媒体能力协商过程Offer/Answer,\r\n4-2 端到端传输基本流程,\r\n4-3 音视频端对端传输,\r\n4-4 获取 Offer/Answer的SDP,\r\n4-5 STUN/TURN服务器搭建,\r\n4-6 1:1实时互动直播的实现;\r\n第五章 RTP/RTCP,\r\n5-1 RTP协议分析,\r\n5-2 RTCP协议分析,\r\n5-3 DTLS/SRTP;\r\n第六章 数据统计与网络质量,\r\n6-1 编解码器的统计信息,\r\n6-2 当前接收到的RTP包的统计信息,\r\n6-3 发送的RTP包统计信息,\r\n6-4 远端接收与发送RTP包的统计信息,\r\n6-5 网络候选者的统计信息', '1', '0', '0', '8', '6');
INSERT INTO `books` VALUES ('9', '编译原理(第2版)', '2019-04-08 22:45:38', '2019-04-08 22:45:38', '2009年1月1日', '全面、深入地探讨了编译器设计方面的重要主题，包括词法分析、语法分析、语法制导定义和语法制导翻译、运行时刻环境、目标代码生成、代码优化技术、并行性检测以及过程间分析技术，并在相关章节中给出大量的实例', '1-1 为什么学习git,\r\n1-2 Git的安装;\r\n第2章 Git仓库创建及工作量,\r\n2-1  创建仓库,\r\n2-2 工作流;\r\n第三章 Git主要功能,\r\n3-1 远程仓库,\r\n3-2 克隆仓库,\r\n3-3 标签管理,\r\n3-4 分支管理;\r\n第四章 音视频互通,\r\n4-1 媒体能力协商过程Offer/Answer,\r\n4-2 端到端传输基本流程,\r\n4-3 音视频端对端传输,\r\n4-4 获取 Offer/Answer的SDP,\r\n4-5 STUN/TURN服务器搭建,\r\n4-6 1:1实时互动直播的实现;\r\n第五章 RTP/RTCP,\r\n5-1 RTP协议分析,\r\n5-2 RTCP协议分析,\r\n5-3 DTLS/SRTP;\r\n第六章 数据统计与网络质量,\r\n6-1 编解码器的统计信息,\r\n6-2 当前接收到的RTP包的统计信息,\r\n6-3 发送的RTP包统计信息,\r\n6-4 远端接收与发送RTP包的统计信息,\r\n6-5 网络候选者的统计信息', '1', '0', '0', '9', '3');
INSERT INTO `books` VALUES ('10', '操作系统:精髓与设计原理', '2019-04-08 22:47:37', '2019-04-08 22:47:37', '2010年9月1日', '操作系统是计算机系统的核心系统软件，负责控制和管理整个系统，使之协调工作。《操作系统:精髓与设计原理(原书第6版)》不仅全面地讲述了操作系统的基本概念、原理和方法，还清楚地展现了当代操作系统的本质和特点。全书分为八个部分，由浅入深地介绍了计算机系统、操作系统、进程描述和控制、线程、微内核、并发性、内存管理、虚拟内存、单处理器调度、多处理器和实时调度、I/O管理和磁盘调度、文件管理、嵌入式操作系统、计算机安全技术以及分布式操作系统等内容。', '1-1 为什么学习git,\r\n1-2 Git的安装;\r\n第2章 Git仓库创建及工作量,\r\n2-1  创建仓库,\r\n2-2 工作流;\r\n第三章 Git主要功能,\r\n3-1 远程仓库,\r\n3-2 克隆仓库,\r\n3-3 标签管理,\r\n3-4 分支管理;\r\n第四章 音视频互通,\r\n4-1 媒体能力协商过程Offer/Answer,\r\n4-2 端到端传输基本流程,\r\n4-3 音视频端对端传输,\r\n4-4 获取 Offer/Answer的SDP,\r\n4-5 STUN/TURN服务器搭建,\r\n4-6 1:1实时互动直播的实现;\r\n第五章 RTP/RTCP,\r\n5-1 RTP协议分析,\r\n5-2 RTCP协议分析,\r\n5-3 DTLS/SRTP;\r\n第六章 数据统计与网络质量,\r\n6-1 编解码器的统计信息,\r\n6-2 当前接收到的RTP包的统计信息,\r\n6-3 发送的RTP包统计信息,\r\n6-4 远端接收与发送RTP包的统计信息,\r\n6-5 网络候选者的统计信息', '0', '1', '0', '10', '8');
INSERT INTO `books` VALUES ('11', '计算机体系结构', '2019-04-08 22:49:55', '2019-04-08 22:49:55', '2012年1月1日', '称计算机系统结构学科的“圣经”，是计算机设计领域学生和实践者的必读经典。《计算机体系结构:量化研究方法(英文版•第5版)》系统地介绍了计算机系统的设计基础、存储器层次结构设计、指令级并行及其开发、数据级并行、gpu体系结构、线程级并行和仓库级计算机等。', '1-1 为什么学习git,\r\n1-2 Git的安装;\r\n第2章 Git仓库创建及工作量,\r\n2-1  创建仓库,\r\n2-2 工作流;\r\n第三章 Git主要功能,\r\n3-1 远程仓库,\r\n3-2 克隆仓库,\r\n3-3 标签管理,\r\n3-4 分支管理;\r\n第四章 音视频互通,\r\n4-1 媒体能力协商过程Offer/Answer,\r\n4-2 端到端传输基本流程,\r\n4-3 音视频端对端传输,\r\n4-4 获取 Offer/Answer的SDP,\r\n4-5 STUN/TURN服务器搭建,\r\n4-6 1:1实时互动直播的实现;\r\n第五章 RTP/RTCP,\r\n5-1 RTP协议分析,\r\n5-2 RTCP协议分析,\r\n5-3 DTLS/SRTP;\r\n第六章 数据统计与网络质量,\r\n6-1 编解码器的统计信息,\r\n6-2 当前接收到的RTP包的统计信息,\r\n6-3 发送的RTP包统计信息,\r\n6-4 远端接收与发送RTP包的统计信息,\r\n6-5 网络候选者的统计信息', '0', '1', '0', '11', '3');
INSERT INTO `books` VALUES ('12', '计算机英语', '2019-04-11 20:55:38', '2019-04-11 20:55:38', '2013年10月1日', '涉及计算机与计算机科学的基础知识、计算机体系结构、计算机语言与编程、软件开发、软件过程、数据库、计算机网络、因特网、移动与云计算、计算机安全、计算机文化、电子商务等深刻影响我们生活的信息技术', '1-1 为什么学习git,\r\n1-2 Git的安装;\r\n第2章 Git仓库创建及工作量,\r\n2-1  创建仓库,\r\n2-2 工作流;\r\n第三章 Git主要功能,\r\n3-1 远程仓库,\r\n3-2 克隆仓库,\r\n3-3 标签管理,\r\n3-4 分支管理;\r\n第四章 音视频互通,\r\n4-1 媒体能力协商过程Offer/Answer,\r\n4-2 端到端传输基本流程,\r\n4-3 音视频端对端传输,\r\n4-4 获取 Offer/Answer的SDP,\r\n4-5 STUN/TURN服务器搭建,\r\n4-6 1:1实时互动直播的实现;\r\n第五章 RTP/RTCP,\r\n5-1 RTP协议分析,\r\n5-2 RTCP协议分析,\r\n5-3 DTLS/SRTP;\r\n第六章 数据统计与网络质量,\r\n6-1 编解码器的统计信息,\r\n6-2 当前接收到的RTP包的统计信息,\r\n6-3 发送的RTP包统计信息,\r\n6-4 远端接收与发送RTP包的统计信息,\r\n6-5 网络候选者的统计信息', '0', '1', '0', '12', '4');
INSERT INTO `books` VALUES ('13', '3D游戏编程大师技巧', '2019-04-11 20:57:49', '2019-04-11 20:57:49', '2012年7月13日', '全书共分5部分，包括16章的内容。第 1～3章简要地介绍了Windows和DirectX编程，创建了一个Windows应用程序模板，让读者能够将精力放在游戏逻辑和图形实现中，而不用考虑Windows和DirectX方面的琐事；第4～5章简要地介绍了一些数学知识并实现了一个数学库，供以后编写演示程序时使用；第6章概述了3D图形学，让读者对之后即将介绍的内容有大致的了解；第7～11章分别介绍了光照、明暗处理、仿射纹理映射、3D裁剪和深度缓存等内容；第 12～14章讨论了高 级3D渲染技术，包括透视修正纹理映射、Alpha混合、1/z缓存、纹理滤波、空间划分和可见性算法、阴影、光照映射等；第 15～16章讨论了动画、运动碰撞检测和优化技术。', '1-1 为什么学习git,\r\n1-2 Git的安装;\r\n第2章 Git仓库创建及工作量,\r\n2-1  创建仓库,\r\n2-2 工作流;\r\n第三章 Git主要功能,\r\n3-1 远程仓库,\r\n3-2 克隆仓库,\r\n3-3 标签管理,\r\n3-4 分支管理;\r\n第四章 音视频互通,\r\n4-1 媒体能力协商过程Offer/Answer,\r\n4-2 端到端传输基本流程,\r\n4-3 音视频端对端传输,\r\n4-4 获取 Offer/Answer的SDP,\r\n4-5 STUN/TURN服务器搭建,\r\n4-6 1:1实时互动直播的实现;\r\n第五章 RTP/RTCP,\r\n5-1 RTP协议分析,\r\n5-2 RTCP协议分析,\r\n5-3 DTLS/SRTP;\r\n第六章 数据统计与网络质量,\r\n6-1 编解码器的统计信息,\r\n6-2 当前接收到的RTP包的统计信息,\r\n6-3 发送的RTP包统计信息,\r\n6-4 远端接收与发送RTP包的统计信息,\r\n6-5 网络候选者的统计信息', '0', '0', '0', '13', '3');
INSERT INTO `books` VALUES ('14', 'CSS+HTML语法与范例详解词典', '2019-04-11 20:59:14', '2019-04-11 20:59:14', '2012年7月13日', '本书内容涵盖了HTML元素的属性及其应用，以及CSS属性、语法、参数及其应用。通过合理的分类，明确的定义，本书将所有内容有机地整合，以简明、全面的面貌呈现于读者面前。本书提供详细的功能说明与各属性在实际应用中需要注意的要点，清楚地指出各属性的初始值和适用范围。每个属性都附有实用范例和重点代码注释，从而提高了学习效率。', '1-1 为什么学习git,\r\n1-2 Git的安装;\r\n第2章 Git仓库创建及工作量,\r\n2-1  创建仓库,\r\n2-2 工作流;\r\n第三章 Git主要功能,\r\n3-1 远程仓库,\r\n3-2 克隆仓库,\r\n3-3 标签管理,\r\n3-4 分支管理;\r\n第四章 音视频互通,\r\n4-1 媒体能力协商过程Offer/Answer,\r\n4-2 端到端传输基本流程,\r\n4-3 音视频端对端传输,\r\n4-4 获取 Offer/Answer的SDP,\r\n4-5 STUN/TURN服务器搭建,\r\n4-6 1:1实时互动直播的实现;\r\n第五章 RTP/RTCP,\r\n5-1 RTP协议分析,\r\n5-2 RTCP协议分析,\r\n5-3 DTLS/SRTP;\r\n第六章 数据统计与网络质量,\r\n6-1 编解码器的统计信息,\r\n6-2 当前接收到的RTP包的统计信息,\r\n6-3 发送的RTP包统计信息,\r\n6-4 远端接收与发送RTP包的统计信息,\r\n6-5 网络候选者的统计信息', '0', '0', '0', '14', '9');
INSERT INTO `books` VALUES ('15', 'ES6标准入门', '2019-04-11 21:00:44', '2019-04-11 21:00:44', '2017年9月1日', '本书根据ES2017标准，详尽介绍了所有新增的语法，对基本概念、设计目的和用法进行了清晰的讲解，给出了大量简单易懂的示例。本书为中级难度，适合那些已经对JavaScript语言有一定了解的读者，可以作为学习这门语言最新进展的工具书，也可以作为参考手册供大家随时查阅新语法。第3版增加了超过30%的内容，完全覆盖了ES2017标准，相比第2版介绍了更多的语法点，还调整了原有章节的文字表达，充实了示例，论述更准确，更易懂易学。', '1-1 为什么学习git,\r\n1-2 Git的安装;\r\n第2章 Git仓库创建及工作量,\r\n2-1  创建仓库,\r\n2-2 工作流;\r\n第三章 Git主要功能,\r\n3-1 远程仓库,\r\n3-2 克隆仓库,\r\n3-3 标签管理,\r\n3-4 分支管理;\r\n第四章 音视频互通,\r\n4-1 媒体能力协商过程Offer/Answer,\r\n4-2 端到端传输基本流程,\r\n4-3 音视频端对端传输,\r\n4-4 获取 Offer/Answer的SDP,\r\n4-5 STUN/TURN服务器搭建,\r\n4-6 1:1实时互动直播的实现;\r\n第五章 RTP/RTCP,\r\n5-1 RTP协议分析,\r\n5-2 RTCP协议分析,\r\n5-3 DTLS/SRTP;\r\n第六章 数据统计与网络质量,\r\n6-1 编解码器的统计信息,\r\n6-2 当前接收到的RTP包的统计信息,\r\n6-3 发送的RTP包统计信息,\r\n6-4 远端接收与发送RTP包的统计信息,\r\n6-5 网络候选者的统计信息', '1', '0', '0', '15', '5');
INSERT INTO `books` VALUES ('16', 'Android编程权威指南', '2019-04-11 21:02:42', '2019-04-11 21:02:42', '2017年6月1日', '全书系统全面、循序渐进地介绍了Android软件开发的知识、经验和技巧。\r\n第 2版基于Android 7.0对第 1版进行了全面更新，将所有知识点都在新的Android系统上进行重新适配，使用全新的Android Studio开发工具代替之前的Eclipse，并添加了对Material Design、运行时权限、Gradle、RecyclerView、百分比布局、OkHttp、Lambda表达式等全新知识点的详细讲解。\r\n本书内容通俗易懂，由浅入深，既适合Android初学者的入门，也适合Android开发 者的进阶。', '1-1 为什么学习git,\r\n1-2 Git的安装;\r\n第2章 Git仓库创建及工作量,\r\n2-1  创建仓库,\r\n2-2 工作流;\r\n第三章 Git主要功能,\r\n3-1 远程仓库,\r\n3-2 克隆仓库,\r\n3-3 标签管理,\r\n3-4 分支管理;\r\n第四章 音视频互通,\r\n4-1 媒体能力协商过程Offer/Answer,\r\n4-2 端到端传输基本流程,\r\n4-3 音视频端对端传输,\r\n4-4 获取 Offer/Answer的SDP,\r\n4-5 STUN/TURN服务器搭建,\r\n4-6 1:1实时互动直播的实现;\r\n第五章 RTP/RTCP,\r\n5-1 RTP协议分析,\r\n5-2 RTCP协议分析,\r\n5-3 DTLS/SRTP;\r\n第六章 数据统计与网络质量,\r\n6-1 编解码器的统计信息,\r\n6-2 当前接收到的RTP包的统计信息,\r\n6-3 发送的RTP包统计信息,\r\n6-4 远端接收与发送RTP包的统计信息,\r\n6-5 网络候选者的统计信息', '0', '0', '1', '16', '9');
INSERT INTO `books` VALUES ('17', 'Java编程思想', '2019-04-11 21:04:09', '2019-04-11 21:04:09', '2007年6月1日', '书共22章，包括操作符、控制执行流程、访问权限控制、复用类、多态、接口、通过异常处理错误、字符串、泛型、数组、容器深入研究、Iava’UO系统、枚举类型、并发以及图形化用户界面等内容。这些丰富的内容，包含了Java语言基础语法以及高级特性，适合各个层次的Java程序员阅读，同时也是高等院校讲授面向对象程序设计语言以及Java语言的绝佳教材和参考书', '1-1 为什么学习git,\r\n1-2 Git的安装;\r\n第2章 Git仓库创建及工作量,\r\n2-1  创建仓库,\r\n2-2 工作流;\r\n第三章 Git主要功能,\r\n3-1 远程仓库,\r\n3-2 克隆仓库,\r\n3-3 标签管理,\r\n3-4 分支管理;\r\n第四章 音视频互通,\r\n4-1 媒体能力协商过程Offer/Answer,\r\n4-2 端到端传输基本流程,\r\n4-3 音视频端对端传输,\r\n4-4 获取 Offer/Answer的SDP,\r\n4-5 STUN/TURN服务器搭建,\r\n4-6 1:1实时互动直播的实现;\r\n第五章 RTP/RTCP,\r\n5-1 RTP协议分析,\r\n5-2 RTCP协议分析,\r\n5-3 DTLS/SRTP;\r\n第六章 数据统计与网络质量,\r\n6-1 编解码器的统计信息,\r\n6-2 当前接收到的RTP包的统计信息,\r\n6-3 发送的RTP包统计信息,\r\n6-4 远端接收与发送RTP包的统计信息,\r\n6-5 网络候选者的统计信息', '0', '1', '0', '17', '6');
INSERT INTO `books` VALUES ('18', 'C++ 开发从入门到精通', '2019-04-11 21:05:11', '2019-04-11 21:05:11', '2010年9月1日', '本书由浅入深地讲解了C++的开发技术，并通过具体实例的实现过程演练了各个知识点的具体应用。全书共26章，其中第1～2章讲解了C++技术的基础知识，包括C++的重要特性和搭建开发环境；第3～7章分别讲解了C++语法、变量、常量、流程控制、运算符和表达式等知识，这些内容都是C++开发技术的核心知识；第8～11章分别讲解了输入、输出、函数、指针和复合类型的基本知识，包含了C++开发技术的重点和难点；第12～21章讲解了面向对象、类、继承、派生、多态、内存管理和异常处理等内容；第22～26章通过5个综合实例的实现过程，介绍了C++技术在综合项目中的开发流程。全书内容循序渐进，以“范例演练”和“技术解惑”贯穿全书，引领读者全面掌握C++语言开发。', '1-1 为什么学习git,\r\n1-2 Git的安装;\r\n第2章 Git仓库创建及工作量,\r\n2-1  创建仓库,\r\n2-2 工作流;\r\n第三章 Git主要功能,\r\n3-1 远程仓库,\r\n3-2 克隆仓库,\r\n3-3 标签管理,\r\n3-4 分支管理;\r\n第四章 音视频互通,\r\n4-1 媒体能力协商过程Offer/Answer,\r\n4-2 端到端传输基本流程,\r\n4-3 音视频端对端传输,\r\n4-4 获取 Offer/Answer的SDP,\r\n4-5 STUN/TURN服务器搭建,\r\n4-6 1:1实时互动直播的实现;\r\n第五章 RTP/RTCP,\r\n5-1 RTP协议分析,\r\n5-2 RTCP协议分析,\r\n5-3 DTLS/SRTP;\r\n第六章 数据统计与网络质量,\r\n6-1 编解码器的统计信息,\r\n6-2 当前接收到的RTP包的统计信息,\r\n6-3 发送的RTP包统计信息,\r\n6-4 远端接收与发送RTP包的统计信息,\r\n6-5 网络候选者的统计信息', '0', '1', '0', '18', '2');
INSERT INTO `books` VALUES ('19', 'iOS开发实战:从入门到精通', '2019-04-11 21:06:50', '2019-04-11 21:06:50', '2009年1月1日', '本书站在开发者的视角，以iOS 10+Xcode 8和Objective-C+Swift 3双语言代码示例，完整地介绍了iOS应用程序从开发到上架的全过程，包含iOS应用开发的各种热点技术和编者多年的开发经验分享。全书共11章，包括：开发环境搭建、界面开发、传感器技术、布局与动画技术、网络和数据技术、打包与上传发布流程等，基本上每一章都配备了实战范例，使读者可以在编写代码中学习编程，在应用开发中提高开发技能。 本书技术先进，注重实战，示例丰富，适合iOS开发新手使用，也很适合作为iOS培训机构的教材或大专院校软件开发课程的教学参考书', '1-1 为什么学习git,\r\n1-2 Git的安装;\r\n第2章 Git仓库创建及工作量,\r\n2-1  创建仓库,\r\n2-2 工作流;\r\n第三章 Git主要功能,\r\n3-1 远程仓库,\r\n3-2 克隆仓库,\r\n3-3 标签管理,\r\n3-4 分支管理;\r\n第四章 音视频互通,\r\n4-1 媒体能力协商过程Offer/Answer,\r\n4-2 端到端传输基本流程,\r\n4-3 音视频端对端传输,\r\n4-4 获取 Offer/Answer的SDP,\r\n4-5 STUN/TURN服务器搭建,\r\n4-6 1:1实时互动直播的实现;\r\n第五章 RTP/RTCP,\r\n5-1 RTP协议分析,\r\n5-2 RTCP协议分析,\r\n5-3 DTLS/SRTP;\r\n第六章 数据统计与网络质量,\r\n6-1 编解码器的统计信息,\r\n6-2 当前接收到的RTP包的统计信息,\r\n6-3 发送的RTP包统计信息,\r\n6-4 远端接收与发送RTP包的统计信息,\r\n6-5 网络候选者的统计信息', '0', '0', '0', '19', '5');
INSERT INTO `books` VALUES ('20', 'React Native应用开发实例解析', '2019-04-11 21:09:24', '2019-04-11 21:09:24', '2007年6月1日', '使用React Native可以轻松开发跨平台应用，并且无需等待Apple、Google或者Amazon的审核过程，就可以为自己的应用发布更新。《React Native应用开发实例解析》主要从功能扩展和实际应用方面讲解React Native，带领读者全面了解React Native的API和组件，并且阅读本书无需React开发背景', '1-1 为什么学习git,\r\n1-2 Git的安装;\r\n第2章 Git仓库创建及工作量,\r\n2-1  创建仓库,\r\n2-2 工作流;\r\n第三章 Git主要功能,\r\n3-1 远程仓库,\r\n3-2 克隆仓库,\r\n3-3 标签管理,\r\n3-4 分支管理;\r\n第四章 音视频互通,\r\n4-1 媒体能力协商过程Offer/Answer,\r\n4-2 端到端传输基本流程,\r\n4-3 音视频端对端传输,\r\n4-4 获取 Offer/Answer的SDP,\r\n4-5 STUN/TURN服务器搭建,\r\n4-6 1:1实时互动直播的实现;\r\n第五章 RTP/RTCP,\r\n5-1 RTP协议分析,\r\n5-2 RTCP协议分析,\r\n5-3 DTLS/SRTP;\r\n第六章 数据统计与网络质量,\r\n6-1 编解码器的统计信息,\r\n6-2 当前接收到的RTP包的统计信息,\r\n6-3 发送的RTP包统计信息,\r\n6-4 远端接收与发送RTP包的统计信息,\r\n6-5 网络候选者的统计信息', '0', '0', '0', '20', '22');
INSERT INTO `books` VALUES ('21', '微服务与DevOps技术内参', '2019-04-11 21:11:02', '2019-04-11 21:11:02', '2017年9月1日', '如何通过元数据这种“数据的数据”来抽象和简化微服务架构认知的维度；如何用简单的几种模式，看透数据的最终一致性；如何将DevOps软件交付的过程和环节，映射为最简单的企业IT生产元素；如何用几条简单的规则，来衡量选择开源架构的得失，简而言之如何确立数字化时代的软件技术架构', '1-1 为什么学习git,\r\n1-2 Git的安装;\r\n第2章 Git仓库创建及工作量,\r\n2-1  创建仓库,\r\n2-2 工作流;\r\n第三章 Git主要功能,\r\n3-1 远程仓库,\r\n3-2 克隆仓库,\r\n3-3 标签管理,\r\n3-4 分支管理;\r\n第四章 音视频互通,\r\n4-1 媒体能力协商过程Offer/Answer,\r\n4-2 端到端传输基本流程,\r\n4-3 音视频端对端传输,\r\n4-4 获取 Offer/Answer的SDP,\r\n4-5 STUN/TURN服务器搭建,\r\n4-6 1:1实时互动直播的实现;\r\n第五章 RTP/RTCP,\r\n5-1 RTP协议分析,\r\n5-2 RTCP协议分析,\r\n5-3 DTLS/SRTP;\r\n第六章 数据统计与网络质量,\r\n6-1 编解码器的统计信息,\r\n6-2 当前接收到的RTP包的统计信息,\r\n6-3 发送的RTP包统计信息,\r\n6-4 远端接收与发送RTP包的统计信息,\r\n6-5 网络候选者的统计信息', '0', '0', '0', '21', '29');
INSERT INTO `books` VALUES ('22', '区块链:技术驱动金融', '2019-04-11 21:12:03', '2019-04-11 21:12:03', '2016年8月29日', '《区块链：技术驱动金融》解密区块链，用技术重构金融世界。《区块链：技术驱动金融》从数字货币及智能合约技术层面，解读了区块链技术在金融领域的运用。“如果你正在寻找一本在技术层面解释比特币是如何运作的，并且你有一定计算机科学和编程的基本知识，这本书应该很适合你', '1-1 为什么学习git,\r\n1-2 Git的安装;\r\n第2章 Git仓库创建及工作量,\r\n2-1  创建仓库,\r\n2-2 工作流;\r\n第三章 Git主要功能,\r\n3-1 远程仓库,\r\n3-2 克隆仓库,\r\n3-3 标签管理,\r\n3-4 分支管理;\r\n第四章 音视频互通,\r\n4-1 媒体能力协商过程Offer/Answer,\r\n4-2 端到端传输基本流程,\r\n4-3 音视频端对端传输,\r\n4-4 获取 Offer/Answer的SDP,\r\n4-5 STUN/TURN服务器搭建,\r\n4-6 1:1实时互动直播的实现;\r\n第五章 RTP/RTCP,\r\n5-1 RTP协议分析,\r\n5-2 RTCP协议分析,\r\n5-3 DTLS/SRTP;\r\n第六章 数据统计与网络质量,\r\n6-1 编解码器的统计信息,\r\n6-2 当前接收到的RTP包的统计信息,\r\n6-3 发送的RTP包统计信息,\r\n6-4 远端接收与发送RTP包的统计信息,\r\n6-5 网络候选者的统计信息', '0', '0', '0', '22', '13');
INSERT INTO `books` VALUES ('23', '白话区块链 ', '2019-04-11 21:13:04', '2019-04-11 21:13:04', '2017年6月1日', '以全方位视角，结合通俗生活化的示例与图生动讲解，从技术、应用到系统设计\r\n　　涵盖区块链底层技术、典业务场景设计、主流框架与应用，并手把手教你从零构建区块链系统（微链）\r\n　　区块链技术的思想，可以在非信任环境建立信任关系、传递信用与价值，它和具有时代影响力的其他技术一样，盘活了一系列的商业场景，比如防伪、溯源、数据治理、行业链条打通与监控，等等。但是区块链技术的发展尚处于早期，而且其技术栈（分布式系统、共识、加密、分布式账本等）是一种相对紧耦合的状态，且技术门槛不低', '1-1 为什么学习git,\r\n1-2 Git的安装;\r\n第2章 Git仓库创建及工作量,\r\n2-1  创建仓库,\r\n2-2 工作流;\r\n第三章 Git主要功能,\r\n3-1 远程仓库,\r\n3-2 克隆仓库,\r\n3-3 标签管理,\r\n3-4 分支管理;\r\n第四章 音视频互通,\r\n4-1 媒体能力协商过程Offer/Answer,\r\n4-2 端到端传输基本流程,\r\n4-3 音视频端对端传输,\r\n4-4 获取 Offer/Answer的SDP,\r\n4-5 STUN/TURN服务器搭建,\r\n4-6 1:1实时互动直播的实现;\r\n第五章 RTP/RTCP,\r\n5-1 RTP协议分析,\r\n5-2 RTCP协议分析,\r\n5-3 DTLS/SRTP;\r\n第六章 数据统计与网络质量,\r\n6-1 编解码器的统计信息,\r\n6-2 当前接收到的RTP包的统计信息,\r\n6-3 发送的RTP包统计信息,\r\n6-4 远端接收与发送RTP包的统计信息,\r\n6-5 网络候选者的统计信息', '0', '0', '0', '23', '22');
INSERT INTO `books` VALUES ('24', '图解深度学习', '2019-04-11 21:14:26', '2019-04-11 21:14:26', '2018年5月1日', '本书从深度学习的发展历程讲起，以丰富的图例从理论和实践两个层面介绍了深度学习的各种方法，以及深度学习在图像识别等领域的应用案例。内容涉及神经网络、卷积神经网络、受限玻尔兹曼机、自编码器、泛化能力的提高等。此外，还介绍了包括Theano、Pylearn2、Caffe、DIGITS、Chainer 和TensorFlow 在内的深度学习工具的安装和使用方法。', '1-1 为什么学习git,\r\n1-2 Git的安装;\r\n第2章 Git仓库创建及工作量,\r\n2-1  创建仓库,\r\n2-2 工作流;\r\n第三章 Git主要功能,\r\n3-1 远程仓库,\r\n3-2 克隆仓库,\r\n3-3 标签管理,\r\n3-4 分支管理;\r\n第四章 音视频互通,\r\n4-1 媒体能力协商过程Offer/Answer,\r\n4-2 端到端传输基本流程,\r\n4-3 音视频端对端传输,\r\n4-4 获取 Offer/Answer的SDP,\r\n4-5 STUN/TURN服务器搭建,\r\n4-6 1:1实时互动直播的实现;\r\n第五章 RTP/RTCP,\r\n5-1 RTP协议分析,\r\n5-2 RTCP协议分析,\r\n5-3 DTLS/SRTP;\r\n第六章 数据统计与网络质量,\r\n6-1 编解码器的统计信息,\r\n6-2 当前接收到的RTP包的统计信息,\r\n6-3 发送的RTP包统计信息,\r\n6-4 远端接收与发送RTP包的统计信息,\r\n6-5 网络候选者的统计信息', '0', '0', '0', '24', '29');
INSERT INTO `books` VALUES ('25', '人工智能', '2019-04-11 21:21:02', '2019-04-11 21:21:02', '2009年1月1日', '1、社会价值：人工智能已经来了，面对这场比尔·盖茨、埃隆·马斯克、扎克伯格、李彦宏、马化腾、李开复、雷军、刘庆峰等跨界大咖都在关注的科技新革命，个人和组织都必须尽快认知，积极应对，腾讯携手工信部倾力打造国家人工智能战略行动抓手！\r\n2、内容特色：该书属于政府与企业人工智能推荐读本。我们如何与人工智能共同发展？我们该如何规划人工智能时代的未来生活？我们如何更好拥抱新时代的到来？该书从政府、产业和科研等多个视角，最全面地解读了人工智能领域的热点和前沿问题，是了解人工智能的必读图书', '1-1 为什么学习git,\r\n1-2 Git的安装;\r\n第2章 Git仓库创建及工作量,\r\n2-1  创建仓库,\r\n2-2 工作流;\r\n第三章 Git主要功能,\r\n3-1 远程仓库,\r\n3-2 克隆仓库,\r\n3-3 标签管理,\r\n3-4 分支管理;\r\n第四章 音视频互通,\r\n4-1 媒体能力协商过程Offer/Answer,\r\n4-2 端到端传输基本流程,\r\n4-3 音视频端对端传输,\r\n4-4 获取 Offer/Answer的SDP,\r\n4-5 STUN/TURN服务器搭建,\r\n4-6 1:1实时互动直播的实现;\r\n第五章 RTP/RTCP,\r\n5-1 RTP协议分析,\r\n5-2 RTCP协议分析,\r\n5-3 DTLS/SRTP;\r\n第六章 数据统计与网络质量,\r\n6-1 编解码器的统计信息,\r\n6-2 当前接收到的RTP包的统计信息,\r\n6-3 发送的RTP包统计信息,\r\n6-4 远端接收与发送RTP包的统计信息,\r\n6-5 网络候选者的统计信息', '1', '0', '0', '25', '28');
INSERT INTO `books` VALUES ('26', '区块链2.0 以太坊应用开发指南', '2019-04-11 21:22:06', '2019-04-11 21:22:06', '2018年7月1日', '本书主要介绍区块链第二代技术主导平台“以太坊”的应用开发方法。第1章主要讲解区块链的概念、发展历程、区块链的应用本质及思维模式；第2章主要讲解以太坊的技术原理、体系及其他重要基本概念；第3章主要讲解以太坊的安装、网络的配置及应用开发环境的搭建；第4章主要讲解以太坊应用开发的接口方式；第5章主要讲解以太坊的核心创新——智能合约的开发、编译、部署与应用；第6～8章主要讲解以太坊的经典应用案例、众筹的技术特征及去中心化自治组织等智能合约的创建思路、原理与源码。\r\n本书主要面向有志于从事区块链研究，特别是以太坊应用开发的相关技术人员、管理人员及兴趣爱好者，同时可作为本科生、硕士研究生等学生学习与研究区块链技术的参考书籍。', '1-1 为什么学习git,\r\n1-2 Git的安装;\r\n第2章 Git仓库创建及工作量,\r\n2-1  创建仓库,\r\n2-2 工作流;\r\n第三章 Git主要功能,\r\n3-1 远程仓库,\r\n3-2 克隆仓库,\r\n3-3 标签管理,\r\n3-4 分支管理;\r\n第四章 音视频互通,\r\n4-1 媒体能力协商过程Offer/Answer,\r\n4-2 端到端传输基本流程,\r\n4-3 音视频端对端传输,\r\n4-4 获取 Offer/Answer的SDP,\r\n4-5 STUN/TURN服务器搭建,\r\n4-6 1:1实时互动直播的实现;\r\n第五章 RTP/RTCP,\r\n5-1 RTP协议分析,\r\n5-2 RTCP协议分析,\r\n5-3 DTLS/SRTP;\r\n第六章 数据统计与网络质量,\r\n6-1 编解码器的统计信息,\r\n6-2 当前接收到的RTP包的统计信息,\r\n6-3 发送的RTP包统计信息,\r\n6-4 远端接收与发送RTP包的统计信息,\r\n6-5 网络候选者的统计信息', '0', '0', '0', '26', '31');
INSERT INTO `books` VALUES ('27', '以太坊技术详解与实战', '2019-04-11 21:22:56', '2019-04-11 21:22:56', '2018年4月1日', '《以太坊技术详解与实战》以太坊创始人、首席科学家Vitalik Buterin倾力推荐，工业界与学术界区块链专家联合撰写，权威性和实用性毋庸置疑。《以太坊技术详解与实战》深入剖析以太坊架构、核心部件、智能合约编写与开发案例等关键技术，并涵盖以太坊数据分析、性能优化、隐私与数据安全等前沿实践与进展。', '1-1 为什么学习git,\r\n1-2 Git的安装;\r\n第2章 Git仓库创建及工作量,\r\n2-1  创建仓库,\r\n2-2 工作流;\r\n第三章 Git主要功能,\r\n3-1 远程仓库,\r\n3-2 克隆仓库,\r\n3-3 标签管理,\r\n3-4 分支管理;\r\n第四章 音视频互通,\r\n4-1 媒体能力协商过程Offer/Answer,\r\n4-2 端到端传输基本流程,\r\n4-3 音视频端对端传输,\r\n4-4 获取 Offer/Answer的SDP,\r\n4-5 STUN/TURN服务器搭建,\r\n4-6 1:1实时互动直播的实现;\r\n第五章 RTP/RTCP,\r\n5-1 RTP协议分析,\r\n5-2 RTCP协议分析,\r\n5-3 DTLS/SRTP;\r\n第六章 数据统计与网络质量,\r\n6-1 编解码器的统计信息,\r\n6-2 当前接收到的RTP包的统计信息,\r\n6-3 发送的RTP包统计信息,\r\n6-4 远端接收与发送RTP包的统计信息,\r\n6-5 网络候选者的统计信息', '0', '1', '0', '27', '7');
INSERT INTO `books` VALUES ('28', '预测分析与数据挖掘', '2019-04-11 21:24:16', '2019-04-11 21:24:16', '2018年1月1日', '《预测分析与数据挖掘 RapidMiner实现》旨在帮助读者理解数据挖掘方法的基础知识，并实现无需编写代码就能在自己的工作中实践这些方法。书中围绕分类、回归、关联分析、聚类、异常检测、文本挖掘、时间序列预测、特征分析等数据挖掘问题，着重介绍了决策树、k近邻、人工神经网络、线性回归、k均值聚类等当今广泛使用的二十多种算法，针对每一种算法都先以通俗的语言解释其原理，再使用开源数据分析工具 RapidMiner加以实现。\r\n《预测分析与数据挖掘 RapidMiner实现》适合在日常工作中大量接触数据的分析师、金融专家、市场营销人员、商务专业人士等阅读。', '1-1 为什么学习git,\r\n1-2 Git的安装;\r\n第2章 Git仓库创建及工作量,\r\n2-1  创建仓库,\r\n2-2 工作流;\r\n第三章 Git主要功能,\r\n3-1 远程仓库,\r\n3-2 克隆仓库,\r\n3-3 标签管理,\r\n3-4 分支管理;\r\n第四章 音视频互通,\r\n4-1 媒体能力协商过程Offer/Answer,\r\n4-2 端到端传输基本流程,\r\n4-3 音视频端对端传输,\r\n4-4 获取 Offer/Answer的SDP,\r\n4-5 STUN/TURN服务器搭建,\r\n4-6 1:1实时互动直播的实现;\r\n第五章 RTP/RTCP,\r\n5-1 RTP协议分析,\r\n5-2 RTCP协议分析,\r\n5-3 DTLS/SRTP;\r\n第六章 数据统计与网络质量,\r\n6-1 编解码器的统计信息,\r\n6-2 当前接收到的RTP包的统计信息,\r\n6-3 发送的RTP包统计信息,\r\n6-4 远端接收与发送RTP包的统计信息,\r\n6-5 网络候选者的统计信息', '1', '0', '0', '28', '9');
INSERT INTO `books` VALUES ('29', 'Python数据分析与挖掘实战', '2019-04-11 21:31:51', '2019-04-11 21:31:51', '2007年6月1日', '本书从实践出发，结合大量数据挖掘工程案例及教学经验，以真实案例为主线，深入浅出地介绍数据挖掘建模过程中的有关任务：数据探索、数据预处理、分类与预测、聚类分析、时序预测、关联规则挖掘、智能推荐和偏差检测等。因此，图书的编排以解决某个应用的挖掘目标为前提，先介绍案例背景提出挖掘目标，再阐述分析方法与过程，最后完成模型构建。在介绍建模过程的同时穿插操作训练，把相关的知识点嵌入相应的操作过程中。为方便读者轻松地获取真实的实验环境，本书使用目前在数据科学领域非常热门的Python语言对样本数据进行处理以进行挖掘建模。', '1-1 为什么学习git,\r\n1-2 Git的安装;\r\n第2章 Git仓库创建及工作量,\r\n2-1  创建仓库,\r\n2-2 工作流;\r\n第三章 Git主要功能,\r\n3-1 远程仓库,\r\n3-2 克隆仓库,\r\n3-3 标签管理,\r\n3-4 分支管理;\r\n第四章 音视频互通,\r\n4-1 媒体能力协商过程Offer/Answer,\r\n4-2 端到端传输基本流程,\r\n4-3 音视频端对端传输,\r\n4-4 获取 Offer/Answer的SDP,\r\n4-5 STUN/TURN服务器搭建,\r\n4-6 1:1实时互动直播的实现;\r\n第五章 RTP/RTCP,\r\n5-1 RTP协议分析,\r\n5-2 RTCP协议分析,\r\n5-3 DTLS/SRTP;\r\n第六章 数据统计与网络质量,\r\n6-1 编解码器的统计信息,\r\n6-2 当前接收到的RTP包的统计信息,\r\n6-3 发送的RTP包统计信息,\r\n6-4 远端接收与发送RTP包的统计信息,\r\n6-5 网络候选者的统计信息', '0', '0', '0', '29', '32');
INSERT INTO `books` VALUES ('30', '深入理解计算机系统(原书第3版)', '2019-04-11 21:39:05', '2019-04-11 21:39:05', '2016年11月28日', '• 基于x86-64，大量地重写代码，首次介绍对处理浮点数据的程序的机器级支持。\r\n• 处理器体系结构修改为支持64位字和操作的设计。\r\n• 引入更多的功能单元和更复杂的控制逻辑，使基于程序数据流表示的程序性能模型预测更加可靠。\r\n• 扩充关于用GOT和PLT创建与位置无关代码的讨论，描述了更加强大的链接技术（比如库打桩）。\r\n• 增加了对信号处理程序更细致的描述，包括异步信号安全的函数等。\r\n• 采用最新函数，更新了与协议无关和线程安全的网络编程。', '1-1 为什么学习git,\r\n1-2 Git的安装;\r\n第2章 Git仓库创建及工作量,\r\n2-1  创建仓库,\r\n2-2 工作流;\r\n第三章 Git主要功能,\r\n3-1 远程仓库,\r\n3-2 克隆仓库,\r\n3-3 标签管理,\r\n3-4 分支管理;\r\n第四章 音视频互通,\r\n4-1 媒体能力协商过程Offer/Answer,\r\n4-2 端到端传输基本流程,\r\n4-3 音视频端对端传输,\r\n4-4 获取 Offer/Answer的SDP,\r\n4-5 STUN/TURN服务器搭建,\r\n4-6 1:1实时互动直播的实现;\r\n第五章 RTP/RTCP,\r\n5-1 RTP协议分析,\r\n5-2 RTCP协议分析,\r\n5-3 DTLS/SRTP;\r\n第六章 数据统计与网络质量,\r\n6-1 编解码器的统计信息,\r\n6-2 当前接收到的RTP包的统计信息,\r\n6-3 发送的RTP包统计信息,\r\n6-4 远端接收与发送RTP包的统计信息,\r\n6-5 网络候选者的统计信息', '0', '0', '0', '30', '11');
INSERT INTO `books` VALUES ('31', '操作系统原理(第4版)', '2019-04-11 21:39:56', '2019-04-11 21:39:56', '2009年1月1日', '长期以来，作者始终紧跟计算机技术的发展，始终坚守教学的第一线，不断地将计算机的新技术与教学改革的新成果融入《操作系统原理(第4版)》，使之日臻完善，广受读者的欢迎。\r\n《操作系统原理(第4版)》系统地阐述了现代操作系统的基本原理、主要功能及实现技术；讨论了现代操作系统的虚拟技术及用户界面；重点介绍了多用户、多任务的运行机制及操作系统资源管理策略和方法；以UNIX系统为例，介绍了操作系统的实现技术。书中还增加了分布式系统内容，并就分布式系统的定义、特征、模型，以及资源管理与一致性问题进行了讨论。\r\n《操作系统原理(第4版)》既可作为高等院校计算机类本科、专科各专业和其他相关专业教材，亦可供从事计算机科学研究与工程应用等方面工作的科技人员参考', '1-1 为什么学习git,\r\n1-2 Git的安装;\r\n第2章 Git仓库创建及工作量,\r\n2-1  创建仓库,\r\n2-2 工作流;\r\n第三章 Git主要功能,\r\n3-1 远程仓库,\r\n3-2 克隆仓库,\r\n3-3 标签管理,\r\n3-4 分支管理;\r\n第四章 音视频互通,\r\n4-1 媒体能力协商过程Offer/Answer,\r\n4-2 端到端传输基本流程,\r\n4-3 音视频端对端传输,\r\n4-4 获取 Offer/Answer的SDP,\r\n4-5 STUN/TURN服务器搭建,\r\n4-6 1:1实时互动直播的实现;\r\n第五章 RTP/RTCP,\r\n5-1 RTP协议分析,\r\n5-2 RTCP协议分析,\r\n5-3 DTLS/SRTP;\r\n第六章 数据统计与网络质量,\r\n6-1 编解码器的统计信息,\r\n6-2 当前接收到的RTP包的统计信息,\r\n6-3 发送的RTP包统计信息,\r\n6-4 远端接收与发送RTP包的统计信息,\r\n6-5 网络候选者的统计信息', '0', '0', '0', '31', '31');
INSERT INTO `books` VALUES ('32', '现代操作系统', '2019-04-11 21:42:10', '2019-04-11 21:42:10', '2017年7月1日', '本书是操作系统领域的经典教材，主要内容包括进程与线程、内存管理、文件系统、输入/输出、死锁、虚拟化和云、多处理机系统、安全，以及关于UNIX、Linux、Android和Windows的实例研究等。第4版对知识点进行了全面更新，反映了当代操作系统的发展与动向。本书适合作为高等院校计算机专业的操作系统课程教材，也适合相关技术人员参考。', '1-1 为什么学习git,\r\n1-2 Git的安装;\r\n第2章 Git仓库创建及工作量,\r\n2-1  创建仓库,\r\n2-2 工作流;\r\n第三章 Git主要功能,\r\n3-1 远程仓库,\r\n3-2 克隆仓库,\r\n3-3 标签管理,\r\n3-4 分支管理;\r\n第四章 音视频互通,\r\n4-1 媒体能力协商过程Offer/Answer,\r\n4-2 端到端传输基本流程,\r\n4-3 音视频端对端传输,\r\n4-4 获取 Offer/Answer的SDP,\r\n4-5 STUN/TURN服务器搭建,\r\n4-6 1:1实时互动直播的实现;\r\n第五章 RTP/RTCP,\r\n5-1 RTP协议分析,\r\n5-2 RTCP协议分析,\r\n5-3 DTLS/SRTP;\r\n第六章 数据统计与网络质量,\r\n6-1 编解码器的统计信息,\r\n6-2 当前接收到的RTP包的统计信息,\r\n6-3 发送的RTP包统计信息,\r\n6-4 远端接收与发送RTP包的统计信息,\r\n6-5 网络候选者的统计信息', '0', '0', '0', '32', '29');
INSERT INTO `books` VALUES ('33', '编译原理圣经', '2019-04-11 21:43:35', '2019-04-11 21:43:35', '2009年1月1日', '《编译原理(第2版)》全面、深入地探讨了编译器设计方面的重要主题，包括词法分析、语法分析、语法制导定义和语法制导翻译、运行时刻环境、目标代码生成、代码优化技术、并行性检测以及过程间分析技术，并在相关章节中给出大量的实例。与上一版相比，《编译原理(第2版)》进行了全面的修订，涵盖了编译器开发方面的最新进展。每章中都提供了大量的系统及参考文献。《编译原理(第2版)》是编译原理课程方面的经典教材，内容丰富，适合作为高等院校计算机及相关专业本科生及研究生的编译原理课程的教材，也是广大技术人员的参考读物。《编译原理(第2版)》是编译原理课程方面的经典教材，内容丰富，适合作为高等院校计算机及相关专业本科生及研究生的编译原理课程的教材，也是广大技术人员的好参考读物。', '1-1 为什么学习git,\r\n1-2 Git的安装;\r\n第2章 Git仓库创建及工作量,\r\n2-1  创建仓库,\r\n2-2 工作流;\r\n第三章 Git主要功能,\r\n3-1 远程仓库,\r\n3-2 克隆仓库,\r\n3-3 标签管理,\r\n3-4 分支管理;\r\n第四章 音视频互通,\r\n4-1 媒体能力协商过程Offer/Answer,\r\n4-2 端到端传输基本流程,\r\n4-3 音视频端对端传输,\r\n4-4 获取 Offer/Answer的SDP,\r\n4-5 STUN/TURN服务器搭建,\r\n4-6 1:1实时互动直播的实现;\r\n第五章 RTP/RTCP,\r\n5-1 RTP协议分析,\r\n5-2 RTCP协议分析,\r\n5-3 DTLS/SRTP;\r\n第六章 数据统计与网络质量,\r\n6-1 编解码器的统计信息,\r\n6-2 当前接收到的RTP包的统计信息,\r\n6-3 发送的RTP包统计信息,\r\n6-4 远端接收与发送RTP包的统计信息,\r\n6-5 网络候选者的统计信息', '0', '0', '0', '33', '3');
INSERT INTO `books` VALUES ('34', '编译原理(英文版•第2版)', '2019-04-11 21:44:40', '2019-04-11 21:44:40', '2011年1月1日', '《编译原理(英文版·第2版)》是编译领域无可替代的经典著作，被广大计算机专业人士誉为“龙书”。《编译原理(英文版·第2版)》上一版自1986年出版以来，被世界各地的著名高等院校和研究机构（包括美国哥伦比亚大学、斯坦福大学、哈佛大学、普林斯顿大学、贝尔实验室）作为本科生和研究生的编译原理课程的教材。该书对我国高等计算机教育领域也产生了重大影响。\r\n第2版对每一章都进行了全面的修订，以反映自上一版出版二十多年来软件工程、程序设计语言和计算机体系结构方面的发展对编译技术的影响。', '1-1 为什么学习git,\r\n1-2 Git的安装;\r\n第2章 Git仓库创建及工作量,\r\n2-1  创建仓库,\r\n2-2 工作流;\r\n第三章 Git主要功能,\r\n3-1 远程仓库,\r\n3-2 克隆仓库,\r\n3-3 标签管理,\r\n3-4 分支管理;\r\n第四章 音视频互通,\r\n4-1 媒体能力协商过程Offer/Answer,\r\n4-2 端到端传输基本流程,\r\n4-3 音视频端对端传输,\r\n4-4 获取 Offer/Answer的SDP,\r\n4-5 STUN/TURN服务器搭建,\r\n4-6 1:1实时互动直播的实现;\r\n第五章 RTP/RTCP,\r\n5-1 RTP协议分析,\r\n5-2 RTCP协议分析,\r\n5-3 DTLS/SRTP;\r\n第六章 数据统计与网络质量,\r\n6-1 编解码器的统计信息,\r\n6-2 当前接收到的RTP包的统计信息,\r\n6-3 发送的RTP包统计信息,\r\n6-4 远端接收与发送RTP包的统计信息,\r\n6-5 网络候选者的统计信息', '0', '0', '0', '34', '29');
INSERT INTO `books` VALUES ('35', '算法导论(原书第3版)', '2019-04-11 21:46:48', '2019-04-11 21:46:48', '2012年12月26日', '在有关算法的书中，有一些叙述非常严谨，但不够全面；另一些涉及了大量的题材，但又缺乏严谨性。《算法导论(原书第3版)》将严谨性和全面性融为一体，深入讨论各类算法，并着力使这些算法的设计和分析能为各个层次的读者接受。全书各章自成体系，可以作为独立的学习单元；算法以英语和伪代码的形式描述，具备初步程序设计经验的人就能看懂；说明和解释力求浅显易懂，不失深度和数学严谨性。全书选材经典、内容丰富、结构合理、逻辑清晰，对本科生的数据结构课程和研究生的算法课程都是非常实用的教材，在IT专业人员的职业生涯中，《算法导论(原书第3版)》也是一本案头必备的参考书或工程实践手册', '1-1 为什么学习git,\r\n1-2 Git的安装;\r\n第2章 Git仓库创建及工作量,\r\n2-1  创建仓库,\r\n2-2 工作流;\r\n第三章 Git主要功能,\r\n3-1 远程仓库,\r\n3-2 克隆仓库,\r\n3-3 标签管理,\r\n3-4 分支管理;\r\n第四章 音视频互通,\r\n4-1 媒体能力协商过程Offer/Answer,\r\n4-2 端到端传输基本流程,\r\n4-3 音视频端对端传输,\r\n4-4 获取 Offer/Answer的SDP,\r\n4-5 STUN/TURN服务器搭建,\r\n4-6 1:1实时互动直播的实现;\r\n第五章 RTP/RTCP,\r\n5-1 RTP协议分析,\r\n5-2 RTCP协议分析,\r\n5-3 DTLS/SRTP;\r\n第六章 数据统计与网络质量,\r\n6-1 编解码器的统计信息,\r\n6-2 当前接收到的RTP包的统计信息,\r\n6-3 发送的RTP包统计信息,\r\n6-4 远端接收与发送RTP包的统计信息,\r\n6-5 网络候选者的统计信息', '0', '0', '0', '35', '27');
INSERT INTO `books` VALUES ('36', '经典原版书库:计算机专业英语', '2019-04-11 21:59:43', '2019-04-11 21:59:43', '2015年2月1日', '主要内容包括：信息技术和因特网概述，因特网、万维网与电子商务，应用软件，系统软件，硬件系统部件，输入输出设备。二级存储，通信与网络。隐私、安全与伦理等。', '1-1 为什么学习git,\r\n1-2 Git的安装;\r\n第2章 Git仓库创建及工作量,\r\n2-1  创建仓库,\r\n2-2 工作流;\r\n第三章 Git主要功能,\r\n3-1 远程仓库,\r\n3-2 克隆仓库,\r\n3-3 标签管理,\r\n3-4 分支管理;\r\n第四章 音视频互通,\r\n4-1 媒体能力协商过程Offer/Answer,\r\n4-2 端到端传输基本流程,\r\n4-3 音视频端对端传输,\r\n4-4 获取 Offer/Answer的SDP,\r\n4-5 STUN/TURN服务器搭建,\r\n4-6 1:1实时互动直播的实现;\r\n第五章 RTP/RTCP,\r\n5-1 RTP协议分析,\r\n5-2 RTCP协议分析,\r\n5-3 DTLS/SRTP;\r\n第六章 数据统计与网络质量,\r\n6-1 编解码器的统计信息,\r\n6-2 当前接收到的RTP包的统计信息,\r\n6-3 发送的RTP包统计信息,\r\n6-4 远端接收与发送RTP包的统计信息,\r\n6-5 网络候选者的统计信息', '0', '0', '0', '36', '29');
INSERT INTO `books` VALUES ('37', '计算机专业英语', '2019-04-11 22:00:36', '2019-04-11 22:00:36', '2017年9月1日', '本书内容针对计算机行业实际工作过程需要，涉及计算机硬件、软件、网络、安全、电子商务、数字媒体技术等方面，每单元包括课文、技能训练、商务英语写作和情景对话等四个部分，突出新技术，特别是技能训练部分选材力求典型、新颖，与实际应用紧密结合，如主板BIOS设置、Windows操作系统安装、交换机配置、防火墙安装与设置、如何在Ebay上实现全球买卖等内容，旨在拓展学生的计算机专业英语实际应用能力。', '1-1 为什么学习git,\r\n1-2 Git的安装;\r\n第2章 Git仓库创建及工作量,\r\n2-1  创建仓库,\r\n2-2 工作流;\r\n第三章 Git主要功能,\r\n3-1 远程仓库,\r\n3-2 克隆仓库,\r\n3-3 标签管理,\r\n3-4 分支管理;\r\n第四章 音视频互通,\r\n4-1 媒体能力协商过程Offer/Answer,\r\n4-2 端到端传输基本流程,\r\n4-3 音视频端对端传输,\r\n4-4 获取 Offer/Answer的SDP,\r\n4-5 STUN/TURN服务器搭建,\r\n4-6 1:1实时互动直播的实现;\r\n第五章 RTP/RTCP,\r\n5-1 RTP协议分析,\r\n5-2 RTCP协议分析,\r\n5-3 DTLS/SRTP;\r\n第六章 数据统计与网络质量,\r\n6-1 编解码器的统计信息,\r\n6-2 当前接收到的RTP包的统计信息,\r\n6-3 发送的RTP包统计信息,\r\n6-4 远端接收与发送RTP包的统计信息,\r\n6-5 网络候选者的统计信息', '0', '0', '1', '37', '28');
INSERT INTO `books` VALUES ('38', '新编计算机专业英语', '2019-04-11 22:01:20', '2019-04-11 22:01:20', '2007年6月1日', '本书是作者多年教学经验的结晶。作者旨在选材上着重体现一个“新”字，按照“系统、新颖、实用”的原则，选取目前最流行或者最实用的一些知识或者技术进行介绍。\r\n　　本书共6个单元，分别介绍了计算机基础、计算机程序设计语言、数据库基本原理、信息安全、计算机的应用以及计算机的新技术。', '1-1 为什么学习git,\r\n1-2 Git的安装;\r\n第2章 Git仓库创建及工作量,\r\n2-1  创建仓库,\r\n2-2 工作流;\r\n第三章 Git主要功能,\r\n3-1 远程仓库,\r\n3-2 克隆仓库,\r\n3-3 标签管理,\r\n3-4 分支管理;\r\n第四章 音视频互通,\r\n4-1 媒体能力协商过程Offer/Answer,\r\n4-2 端到端传输基本流程,\r\n4-3 音视频端对端传输,\r\n4-4 获取 Offer/Answer的SDP,\r\n4-5 STUN/TURN服务器搭建,\r\n4-6 1:1实时互动直播的实现;\r\n第五章 RTP/RTCP,\r\n5-1 RTP协议分析,\r\n5-2 RTCP协议分析,\r\n5-3 DTLS/SRTP;\r\n第六章 数据统计与网络质量,\r\n6-1 编解码器的统计信息,\r\n6-2 当前接收到的RTP包的统计信息,\r\n6-3 发送的RTP包统计信息,\r\n6-4 远端接收与发送RTP包的统计信息,\r\n6-5 网络候选者的统计信息', '0', '0', '1', '38', '27');
INSERT INTO `books` VALUES ('39', '计算机专业英语', '2019-04-11 22:02:15', '2019-04-11 22:02:15', '2011年9月1日', '《计算机专业英语》是计算机及相关专业的一门专业基础课程。由于计算机相关核心技术大部分源于英语国家，而且其更新的速度越来越快，如果不掌握计算机专业英语势必受到语言的制约，严重影响到对新技术的理解和消化。邱晓红、吴沧海主编的《计算机专业英语》基于CDIO的工程教育理念，结合需要掌握的专业知识点，选取了计算机基础、计算机网络、云计算、数据库、程序设计语言、MSDN、编译原理、离散数学、软件工程、嵌入式系统、数据结构与算法、操作系统等相关内容，增强了计算机相关领域的知识点和英汉专业术语的对应关系。素材取自国内外最近几年计算机科学各个领域的最新教材、专著、论文和计算机网络信息。', '1-1 为什么学习git,\r\n1-2 Git的安装;\r\n第2章 Git仓库创建及工作量,\r\n2-1  创建仓库,\r\n2-2 工作流;\r\n第三章 Git主要功能,\r\n3-1 远程仓库,\r\n3-2 克隆仓库,\r\n3-3 标签管理,\r\n3-4 分支管理;\r\n第四章 音视频互通,\r\n4-1 媒体能力协商过程Offer/Answer,\r\n4-2 端到端传输基本流程,\r\n4-3 音视频端对端传输,\r\n4-4 获取 Offer/Answer的SDP,\r\n4-5 STUN/TURN服务器搭建,\r\n4-6 1:1实时互动直播的实现;\r\n第五章 RTP/RTCP,\r\n5-1 RTP协议分析,\r\n5-2 RTCP协议分析,\r\n5-3 DTLS/SRTP;\r\n第六章 数据统计与网络质量,\r\n6-1 编解码器的统计信息,\r\n6-2 当前接收到的RTP包的统计信息,\r\n6-3 发送的RTP包统计信息,\r\n6-4 远端接收与发送RTP包的统计信息,\r\n6-5 网络候选者的统计信息', '0', '0', '0', '39', '26');
INSERT INTO `books` VALUES ('40', 'HTML5秘籍', '2019-04-22 20:40:31', '2019-04-22 20:40:31', '2016年11月28日', '第一部分介绍了HTML5的发展历程，利用HTML5的语义元素构造网页，编写更有意义的标记，以及构建更出色的Web表单。第二部分介绍了HTML5中的音频与视频、CSS3、Canvas绘图技术等内容。第三部分介绍了数据存储、离线应用、与Web服务器通信，以及HTML5与JavaScript技术的强大结合等内容。第四部分为附录，简单介绍了CSS和JavaScript', '1-1 为什么学习git,\r\n1-2 Git的安装;\r\n第2章 Git仓库创建及工作量,\r\n2-1  创建仓库,\r\n2-2 工作流;\r\n第三章 Git主要功能,\r\n3-1 远程仓库,\r\n3-2 克隆仓库,\r\n3-3 标签管理,\r\n3-4 分支管理;\r\n第四章 音视频互通,\r\n4-1 媒体能力协商过程Offer/Answer,\r\n4-2 端到端传输基本流程,\r\n4-3 音视频端对端传输,\r\n4-4 获取 Offer/Answer的SDP,\r\n4-5 STUN/TURN服务器搭建,\r\n4-6 1:1实时互动直播的实现;\r\n第五章 RTP/RTCP,\r\n5-1 RTP协议分析,\r\n5-2 RTCP协议分析,\r\n5-3 DTLS/SRTP;\r\n第六章 数据统计与网络质量,\r\n6-1 编解码器的统计信息,\r\n6-2 当前接收到的RTP包的统计信息,\r\n6-3 发送的RTP包统计信息,\r\n6-4 远端接收与发送RTP包的统计信息,\r\n6-5 网络候选者的统计信息', '0', '0', '1', '40', '10');
INSERT INTO `books` VALUES ('41', 'HTML5和CSS3实战', '2019-04-22 20:41:49', '2019-04-22 20:41:49', '第1版 (2013年1月1日)', '将当前Web设计中热门的响应式设计技术与HTML5和CSS3结合起来，为读者全面深入地讲解了针对各种屏幕大小设计和开发现代网站的各种技术。不仅讨论了媒体查询、流式布局、相对字体、响应式媒体，更将HTML5和CSS3的相关知识点一并讲解，是学习最新Web设计技术不可多得的佳作', '1-1 为什么学习git,\r\n1-2 Git的安装;\r\n第2章 Git仓库创建及工作量,\r\n2-1  创建仓库,\r\n2-2 工作流;\r\n第三章 Git主要功能,\r\n3-1 远程仓库,\r\n3-2 克隆仓库,\r\n3-3 标签管理,\r\n3-4 分支管理;\r\n第四章 音视频互通,\r\n4-1 媒体能力协商过程Offer/Answer,\r\n4-2 端到端传输基本流程,\r\n4-3 音视频端对端传输,\r\n4-4 获取 Offer/Answer的SDP,\r\n4-5 STUN/TURN服务器搭建,\r\n4-6 1:1实时互动直播的实现;\r\n第五章 RTP/RTCP,\r\n5-1 RTP协议分析,\r\n5-2 RTCP协议分析,\r\n5-3 DTLS/SRTP;\r\n第六章 数据统计与网络质量,\r\n6-1 编解码器的统计信息,\r\n6-2 当前接收到的RTP包的统计信息,\r\n6-3 发送的RTP包统计信息,\r\n6-4 远端接收与发送RTP包的统计信息,\r\n6-5 网络候选者的统计信息', '0', '0', '1', '41', '14');
INSERT INTO `books` VALUES ('42', 'CSS设计指南', '2019-04-22 20:42:44', '2019-04-22 20:42:44', '第3版 (2013年5月1日)', '全书共分8章，前4章分别介绍了HTML标记和文档结构、CSS工作原理、定位元素、字体和文本，对规则、声明、层叠、特指度、选择符等基本概念进行了详细解读。随后4 章介绍了页面布局、界面组件，CSS3圆角、阴影、渐变、多背景等视觉设计技巧，最后还对如何实现最前沿的响应式设计进行了通俗易懂的演示', '1-1 为什么学习git,\r\n1-2 Git的安装;\r\n第2章 Git仓库创建及工作量,\r\n2-1  创建仓库,\r\n2-2 工作流;\r\n第三章 Git主要功能,\r\n3-1 远程仓库,\r\n3-2 克隆仓库,\r\n3-3 标签管理,\r\n3-4 分支管理;\r\n第四章 音视频互通,\r\n4-1 媒体能力协商过程Offer/Answer,\r\n4-2 端到端传输基本流程,\r\n4-3 音视频端对端传输,\r\n4-4 获取 Offer/Answer的SDP,\r\n4-5 STUN/TURN服务器搭建,\r\n4-6 1:1实时互动直播的实现;\r\n第五章 RTP/RTCP,\r\n5-1 RTP协议分析,\r\n5-2 RTCP协议分析,\r\n5-3 DTLS/SRTP;\r\n第六章 数据统计与网络质量,\r\n6-1 编解码器的统计信息,\r\n6-2 当前接收到的RTP包的统计信息,\r\n6-3 发送的RTP包统计信息,\r\n6-4 远端接收与发送RTP包的统计信息,\r\n6-5 网络候选者的统计信息', '0', '1', '0', '42', '27');
INSERT INTO `books` VALUES ('43', 'JavaScript语言精粹', '2019-04-22 20:43:43', '2019-04-22 20:43:43', '第1版 (2012年9月1日)', 'JavaScript 曾是“世界上最被误解的语言”，因为它担负太多的特性，包括糟糕的交互和失败的设计，但随着Ajax 的到来，JavaScript“从最受误解的编程语言演变为最流行的语言”，这除了幸运之外，也证明了它其实是一门优秀的语言。Douglas Crockford 在本书中剥开了JavaScript 沾污的外衣，抽离出一个具有更好可靠性、可读性和可维护性的JavaScript 子集，让你看到一门优雅的、轻量级的和非常富有表现力的语言。作者从语法、对象、函数、继承、数组、正则表达式、方法、样式和优美的特性这9 个方面来呈现这门语言真正的精华部分，通过它们完全可以构建出优雅高效的代码', '1-1 为什么学习git,\r\n1-2 Git的安装;\r\n第2章 Git仓库创建及工作量,\r\n2-1  创建仓库,\r\n2-2 工作流;\r\n第三章 Git主要功能,\r\n3-1 远程仓库,\r\n3-2 克隆仓库,\r\n3-3 标签管理,\r\n3-4 分支管理;\r\n第四章 音视频互通,\r\n4-1 媒体能力协商过程Offer/Answer,\r\n4-2 端到端传输基本流程,\r\n4-3 音视频端对端传输,\r\n4-4 获取 Offer/Answer的SDP,\r\n4-5 STUN/TURN服务器搭建,\r\n4-6 1:1实时互动直播的实现;\r\n第五章 RTP/RTCP,\r\n5-1 RTP协议分析,\r\n5-2 RTCP协议分析,\r\n5-3 DTLS/SRTP;\r\n第六章 数据统计与网络质量,\r\n6-1 编解码器的统计信息,\r\n6-2 当前接收到的RTP包的统计信息,\r\n6-3 发送的RTP包统计信息,\r\n6-4 远端接收与发送RTP包的统计信息,\r\n6-5 网络候选者的统计信息', '1', '0', '0', '43', '28');
INSERT INTO `books` VALUES ('44', 'JavaScript高级程序设计', '2019-04-22 20:44:37', '2019-04-22 20:44:37', ' 第1版 (2012年3月1日)', 'JavaScript超级畅销书的最新版。ECMAScript 5和HTML5在标准之争中双双胜出，使大量专有实现和客户端扩展正式进入规范，同时也为JavaScript增添了很多适应未来发展的新特性。《JavaScript高级程序设计(第3版)》这一版除增加5章全新内容外，其他章节也有较大幅度的增补和修订，新内容篇幅约占三分之一。全书从JavaScript语言实现的各个组成部分——语言核心、DOM、BOM、事件模型讲起，深入浅出地探讨了面向对象编程、Ajax与Comet服务器端通信，HTML5表单、媒体、Canvas（包括WebGL）及Web Workers、地理定位、跨文档传递消息、客户端存储（包括IndexedDB）等新API，还介绍了离线应用和与维护、性能、部署相关的开发实践', '1-1 为什么学习git,\r\n1-2 Git的安装;\r\n第2章 Git仓库创建及工作量,\r\n2-1  创建仓库,\r\n2-2 工作流;\r\n第三章 Git主要功能,\r\n3-1 远程仓库,\r\n3-2 克隆仓库,\r\n3-3 标签管理,\r\n3-4 分支管理;\r\n第四章 音视频互通,\r\n4-1 媒体能力协商过程Offer/Answer,\r\n4-2 端到端传输基本流程,\r\n4-3 音视频端对端传输,\r\n4-4 获取 Offer/Answer的SDP,\r\n4-5 STUN/TURN服务器搭建,\r\n4-6 1:1实时互动直播的实现;\r\n第五章 RTP/RTCP,\r\n5-1 RTP协议分析,\r\n5-2 RTCP协议分析,\r\n5-3 DTLS/SRTP;\r\n第六章 数据统计与网络质量,\r\n6-1 编解码器的统计信息,\r\n6-2 当前接收到的RTP包的统计信息,\r\n6-3 发送的RTP包统计信息,\r\n6-4 远端接收与发送RTP包的统计信息,\r\n6-5 网络候选者的统计信息', '1', '0', '0', '44', '4');
INSERT INTO `books` VALUES ('45', 'C++ Primer Plus', '2019-04-22 20:46:15', '2019-04-22 20:46:15', '第1版 (2012年7月1日)', 'C++标准编写的，通过大量短小精悍的程序详细而全面地阐述了C++的基本概念和技术，并专辟一章介绍了C++11新增的功能。《C++ Primer Plus中文版(第6版)》针对C++初学者，书中从C语言基础知识开始介绍，然后在此基础上详细阐述C++新增的特性，因此不要求读者有C语言方面的背景知识。', '1-1 为什么学习git,\r\n1-2 Git的安装;\r\n第2章 Git仓库创建及工作量,\r\n2-1  创建仓库,\r\n2-2 工作流;\r\n第三章 Git主要功能,\r\n3-1 远程仓库,\r\n3-2 克隆仓库,\r\n3-3 标签管理,\r\n3-4 分支管理;\r\n第四章 音视频互通,\r\n4-1 媒体能力协商过程Offer/Answer,\r\n4-2 端到端传输基本流程,\r\n4-3 音视频端对端传输,\r\n4-4 获取 Offer/Answer的SDP,\r\n4-5 STUN/TURN服务器搭建,\r\n4-6 1:1实时互动直播的实现;\r\n第五章 RTP/RTCP,\r\n5-1 RTP协议分析,\r\n5-2 RTCP协议分析,\r\n5-3 DTLS/SRTP;\r\n第六章 数据统计与网络质量,\r\n6-1 编解码器的统计信息,\r\n6-2 当前接收到的RTP包的统计信息,\r\n6-3 发送的RTP包统计信息,\r\n6-4 远端接收与发送RTP包的统计信息,\r\n6-5 网络候选者的统计信息', '0', '0', '0', '45', '9');
INSERT INTO `books` VALUES ('46', '深入理解C#', '2019-04-22 20:47:06', '2019-04-22 20:47:06', '第1版 (2014年4月1日)', '深入理解C#(第3版)》是C#领域不可多得的经典著作。作者在详尽地展示C#各个知识点的同时，更注重从现象中挖掘本质。《深入理解C#(第3版)》深入探索了C#的核心概念和经典特性，并将这些特性融入到代码中，让读者能够真正领会到C#之“深入”与“精妙”。在第2版的基础上，《深入理解C#(第3版)》新增了C# 5的新特性——异步，并更新了随着技术的发展，已经不再适用的内容，确保整本书能达到读者期望的高标准。', '1-1 为什么学习git,\r\n1-2 Git的安装;\r\n第2章 Git仓库创建及工作量,\r\n2-1  创建仓库,\r\n2-2 工作流;\r\n第三章 Git主要功能,\r\n3-1 远程仓库,\r\n3-2 克隆仓库,\r\n3-3 标签管理,\r\n3-4 分支管理;\r\n第四章 音视频互通,\r\n4-1 媒体能力协商过程Offer/Answer,\r\n4-2 端到端传输基本流程,\r\n4-3 音视频端对端传输,\r\n4-4 获取 Offer/Answer的SDP,\r\n4-5 STUN/TURN服务器搭建,\r\n4-6 1:1实时互动直播的实现;\r\n第五章 RTP/RTCP,\r\n5-1 RTP协议分析,\r\n5-2 RTCP协议分析,\r\n5-3 DTLS/SRTP;\r\n第六章 数据统计与网络质量,\r\n6-1 编解码器的统计信息,\r\n6-2 当前接收到的RTP包的统计信息,\r\n6-3 发送的RTP包统计信息,\r\n6-4 远端接收与发送RTP包的统计信息,\r\n6-5 网络候选者的统计信息', '0', '0', '0', '46', '27');
INSERT INTO `books` VALUES ('47', 'C#高级编程', '2019-04-22 20:48:00', '2019-04-22 20:48:00', '第1版 (2017年3月1日)', 'Visual Studio 2015、ASP.NET Core 1.0和Universal Windows Platform的推出，为开发人员提供了使用C#创建应用程序的新方式。作为经典C#畅销书 ，本书涵盖了充分利用升级功能，积极简化工作流程所需的全部信息。本书循序渐进地讲解了Visual Studio 2015、.NET Core 1.0、ASP.NET MVC、Universal Windows Platform、WPF的*新变化。每一章都提供了清晰的解释、下载的代码，并从专家的角度提供了有价值的视野。有本书在手，读者可以快速获得*新的特性和功能。', '1-1 为什么学习git,\r\n1-2 Git的安装;\r\n第2章 Git仓库创建及工作量,\r\n2-1  创建仓库,\r\n2-2 工作流;\r\n第三章 Git主要功能,\r\n3-1 远程仓库,\r\n3-2 克隆仓库,\r\n3-3 标签管理,\r\n3-4 分支管理;\r\n第四章 音视频互通,\r\n4-1 媒体能力协商过程Offer/Answer,\r\n4-2 端到端传输基本流程,\r\n4-3 音视频端对端传输,\r\n4-4 获取 Offer/Answer的SDP,\r\n4-5 STUN/TURN服务器搭建,\r\n4-6 1:1实时互动直播的实现;\r\n第五章 RTP/RTCP,\r\n5-1 RTP协议分析,\r\n5-2 RTCP协议分析,\r\n5-3 DTLS/SRTP;\r\n第六章 数据统计与网络质量,\r\n6-1 编解码器的统计信息,\r\n6-2 当前接收到的RTP包的统计信息,\r\n6-3 发送的RTP包统计信息,\r\n6-4 远端接收与发送RTP包的统计信息,\r\n6-5 网络候选者的统计信息', '0', '0', '0', '47', '1');
INSERT INTO `books` VALUES ('48', 'Spring Boot实战', '2019-04-22 20:49:08', '2019-04-22 20:49:08', '第1版 (2016年9月1日)', '本书以Spring应用程序开发为中心，全面讲解如何运用Spring Boot提高效率，使应用程序的开发和管理更加轻松有趣。作者行文亲切流畅，以大量示例讲解了Spring Boot在各类情境中的应用，内容涵盖起步依赖、Spring Boot CLI、Groovy、Grails、Actuator。对于Spring Boot开发应用中较为繁琐的内容，附录奉上整理完毕的表格，一目了然，方便读者查阅。', '1-1 为什么学习git,\r\n1-2 Git的安装;\r\n第2章 Git仓库创建及工作量,\r\n2-1  创建仓库,\r\n2-2 工作流;\r\n第三章 Git主要功能,\r\n3-1 远程仓库,\r\n3-2 克隆仓库,\r\n3-3 标签管理,\r\n3-4 分支管理;\r\n第四章 音视频互通,\r\n4-1 媒体能力协商过程Offer/Answer,\r\n4-2 端到端传输基本流程,\r\n4-3 音视频端对端传输,\r\n4-4 获取 Offer/Answer的SDP,\r\n4-5 STUN/TURN服务器搭建,\r\n4-6 1:1实时互动直播的实现;\r\n第五章 RTP/RTCP,\r\n5-1 RTP协议分析,\r\n5-2 RTCP协议分析,\r\n5-3 DTLS/SRTP;\r\n第六章 数据统计与网络质量,\r\n6-1 编解码器的统计信息,\r\n6-2 当前接收到的RTP包的统计信息,\r\n6-3 发送的RTP包统计信息,\r\n6-4 远端接收与发送RTP包的统计信息,\r\n6-5 网络候选者的统计信息', '0', '0', '0', '48', '4');
INSERT INTO `books` VALUES ('49', 'Ruby程序员修炼之道', '2019-04-22 20:49:56', '2019-04-22 20:49:56', '第1版 (2016年11月1日)', '这是一本深受好评的书。它不仅是一本纯Ruby的书，也不仅是一本纯Rails的书，而是一本为Rails程序员“优化”过的Ruby书。\r\n本书从Ruby编程语言的基础开始一直讲到动态特性，其中包含大量的真实代码示例并附有详细的注解，对日常使用Ruby进行编程中会遇到的每个知识点都进行了清晰的讲解。本书的内容由浅入深，主要包含Ruby编程语言的语法、面向对象的特性、默认对象self、控制流技术、常用的内置类、正则表达式、I/O操作，用大量的篇幅讲述了Ruby中值得关注的动态特性。\r\n本书不仅适合Ruby编程语言的初学者，也适合有经验的开发者以及那些想要真正提升Ruby编程技术的爱好者阅读和学习，具有极高的参考价值。', '1-1 为什么学习git,\r\n1-2 Git的安装;\r\n第2章 Git仓库创建及工作量,\r\n2-1  创建仓库,\r\n2-2 工作流;\r\n第三章 Git主要功能,\r\n3-1 远程仓库,\r\n3-2 克隆仓库,\r\n3-3 标签管理,\r\n3-4 分支管理;\r\n第四章 音视频互通,\r\n4-1 媒体能力协商过程Offer/Answer,\r\n4-2 端到端传输基本流程,\r\n4-3 音视频端对端传输,\r\n4-4 获取 Offer/Answer的SDP,\r\n4-5 STUN/TURN服务器搭建,\r\n4-6 1:1实时互动直播的实现;\r\n第五章 RTP/RTCP,\r\n5-1 RTP协议分析,\r\n5-2 RTCP协议分析,\r\n5-3 DTLS/SRTP;\r\n第六章 数据统计与网络质量,\r\n6-1 编解码器的统计信息,\r\n6-2 当前接收到的RTP包的统计信息,\r\n6-3 发送的RTP包统计信息,\r\n6-4 远端接收与发送RTP包的统计信息,\r\n6-5 网络候选者的统计信息', '0', '0', '0', '49', '27');
INSERT INTO `books` VALUES ('50', 'Oracle从入门到精通 (程序员书库)', '2019-04-22 20:51:10', '2019-04-22 20:51:10', '第1版 (2010年12月15日)', '该版本数据库凝聚了Oracle 30多年的精华。本书不仅是一本Oracle 11g的入门教材也是初学者快速掌握Oracle 11g的捷径。本书以Oracle 11g为例，一共分为四篇，循序渐进的讲述了Oracle 11g的基本语法和基本操作，从数据库的安装开始逐步介绍与数据库交互的语句以及管理数据库中的文件、备份与恢复数据库操作。在数据库应用篇中还结合.NET和JAVA的编程环境讲解了如何连接Oracle 11g数据库。', '1-1 为什么学习git,\r\n1-2 Git的安装;\r\n第2章 Git仓库创建及工作量,\r\n2-1  创建仓库,\r\n2-2 工作流;\r\n第三章 Git主要功能,\r\n3-1 远程仓库,\r\n3-2 克隆仓库,\r\n3-3 标签管理,\r\n3-4 分支管理;\r\n第四章 音视频互通,\r\n4-1 媒体能力协商过程Offer/Answer,\r\n4-2 端到端传输基本流程,\r\n4-3 音视频端对端传输,\r\n4-4 获取 Offer/Answer的SDP,\r\n4-5 STUN/TURN服务器搭建,\r\n4-6 1:1实时互动直播的实现;\r\n第五章 RTP/RTCP,\r\n5-1 RTP协议分析,\r\n5-2 RTCP协议分析,\r\n5-3 DTLS/SRTP;\r\n第六章 数据统计与网络质量,\r\n6-1 编解码器的统计信息,\r\n6-2 当前接收到的RTP包的统计信息,\r\n6-3 发送的RTP包统计信息,\r\n6-4 远端接收与发送RTP包的统计信息,\r\n6-5 网络候选者的统计信息', '0', '0', '0', '50', '30');
INSERT INTO `books` VALUES ('51', '深入学习MongoDB', '2019-04-22 20:52:04', '2019-04-22 20:52:04', '第1版 (2013年12月12日)', '《深入学习MongoDB》分两部分，分别对应O’Reilly公司出版的Scaling MongoDB和50 Tips and Tricks forMongoDB Developers两本书的内容。第一部分全面讲解了有关建立和使用集群的内容，不仅从应用开发人员的角度讲解了MongoDB的使用，而且从运维方面介绍了集群的管理。其中内容包括通过分片设置MongoDB集群，分片的工作原理，查询和更新数据，操作、监控和备份集群，错误处理。第二部分依次从应用设计、实现、优化、数据安全和管理方面介绍了使用MongoDB构建应用的技巧，内容包括范式化与反范式化的利弊权衡，复制组的故障恢复等。', '1-1 为什么学习git,\r\n1-2 Git的安装;\r\n第2章 Git仓库创建及工作量,\r\n2-1  创建仓库,\r\n2-2 工作流;\r\n第三章 Git主要功能,\r\n3-1 远程仓库,\r\n3-2 克隆仓库,\r\n3-3 标签管理,\r\n3-4 分支管理;\r\n第四章 音视频互通,\r\n4-1 媒体能力协商过程Offer/Answer,\r\n4-2 端到端传输基本流程,\r\n4-3 音视频端对端传输,\r\n4-4 获取 Offer/Answer的SDP,\r\n4-5 STUN/TURN服务器搭建,\r\n4-6 1:1实时互动直播的实现;\r\n第五章 RTP/RTCP,\r\n5-1 RTP协议分析,\r\n5-2 RTCP协议分析,\r\n5-3 DTLS/SRTP;\r\n第六章 数据统计与网络质量,\r\n6-1 编解码器的统计信息,\r\n6-2 当前接收到的RTP包的统计信息,\r\n6-3 发送的RTP包统计信息,\r\n6-4 远端接收与发送RTP包的统计信息,\r\n6-5 网络候选者的统计信息', '0', '0', '0', '51', '4');
INSERT INTO `books` VALUES ('52', '解读NoSQL（异步图书）', '2019-04-22 20:53:14', '2019-04-22 20:53:14', '第1版 (2016年1月1日)', '本书从NoSQL的相关理论开始，深入浅出地探讨了NoSQL核心的架构模式、解决方案和一些高级主题，内容循序渐进，从理论回归于实践。\r\n全书分为4个部分。首部分介绍NoSQL的相关理论，如CAP理论、BASE理论、一致性散列算法等；第二部分介绍NoSQL核心的架构模式—键值存储、图存储、列族存储、文档存储；第三部分展现一些常用的NoSQL解决方案，如HA、全文搜索等；后一部分讨论NoSQL的一些高级主题，如函数式编程。\r\n全书理论与实践并重，每章后面还有通俗的案例。对于NoSQL的初学者来说，不失为一本了解NoSQL技术全貌的读物。', '1-1 为什么学习git,\r\n1-2 Git的安装;\r\n第2章 Git仓库创建及工作量,\r\n2-1  创建仓库,\r\n2-2 工作流;\r\n第三章 Git主要功能,\r\n3-1 远程仓库,\r\n3-2 克隆仓库,\r\n3-3 标签管理,\r\n3-4 分支管理;\r\n第四章 音视频互通,\r\n4-1 媒体能力协商过程Offer/Answer,\r\n4-2 端到端传输基本流程,\r\n4-3 音视频端对端传输,\r\n4-4 获取 Offer/Answer的SDP,\r\n4-5 STUN/TURN服务器搭建,\r\n4-6 1:1实时互动直播的实现;\r\n第五章 RTP/RTCP,\r\n5-1 RTP协议分析,\r\n5-2 RTCP协议分析,\r\n5-3 DTLS/SRTP;\r\n第六章 数据统计与网络质量,\r\n6-1 编解码器的统计信息,\r\n6-2 当前接收到的RTP包的统计信息,\r\n6-3 发送的RTP包统计信息,\r\n6-4 远端接收与发送RTP包的统计信息,\r\n6-5 网络候选者的统计信息', '0', '0', '0', '52', '27');
INSERT INTO `books` VALUES ('53', 'React Native移动开发实战', '2019-04-22 20:54:32', '2019-04-22 20:54:32', '第1版 (2018年1月1日)', '本书全面详尽地介绍了React Native框架的方方面面，内容涵盖React Native基础知识、环境搭建与调试、开发基础、常用组件、常用API、组件封装、网络与通信、混合开发、热更新与打包部署，以及两个实际案例的完整开发教程。这些丰富的内容不仅能让读者了解这款框架中涉及的各类概念，还能指导读者开发实践。\r\n本书语言简洁，内容丰富，适合有一定Android、iOS原生开发基础和CSS基础的移动开发工程师学习。', '1-1 为什么学习git,\r\n1-2 Git的安装;\r\n第2章 Git仓库创建及工作量,\r\n2-1  创建仓库,\r\n2-2 工作流;\r\n第三章 Git主要功能,\r\n3-1 远程仓库,\r\n3-2 克隆仓库,\r\n3-3 标签管理,\r\n3-4 分支管理;\r\n第四章 音视频互通,\r\n4-1 媒体能力协商过程Offer/Answer,\r\n4-2 端到端传输基本流程,\r\n4-3 音视频端对端传输,\r\n4-4 获取 Offer/Answer的SDP,\r\n4-5 STUN/TURN服务器搭建,\r\n4-6 1:1实时互动直播的实现;\r\n第五章 RTP/RTCP,\r\n5-1 RTP协议分析,\r\n5-2 RTCP协议分析,\r\n5-3 DTLS/SRTP;\r\n第六章 数据统计与网络质量,\r\n6-1 编解码器的统计信息,\r\n6-2 当前接收到的RTP包的统计信息,\r\n6-3 发送的RTP包统计信息,\r\n6-4 远端接收与发送RTP包的统计信息,\r\n6-5 网络候选者的统计信息', '0', '0', '0', '53', '4');
INSERT INTO `books` VALUES ('54', 'React Native开发指南', '2019-04-22 20:55:23', '2019-04-22 20:55:23', '第1版 (2016年6月1日)', '本书通过丰富的示例和详细的讲解，介绍了React Native这款JavaScript框架。在React Native中利用现有的JavaScript和React知识，就可以开发和部署功能完备的、真正原生的移动应用，并同时支持iOS与Android平台。除了框架本身的概念讲解之外，本书还讨论了如何使用第三方库，以及如何编写自己的Java或Objective-C的React Native扩展。', '1-1 为什么学习git,\r\n1-2 Git的安装;\r\n第2章 Git仓库创建及工作量,\r\n2-1  创建仓库,\r\n2-2 工作流;\r\n第三章 Git主要功能,\r\n3-1 远程仓库,\r\n3-2 克隆仓库,\r\n3-3 标签管理,\r\n3-4 分支管理;\r\n第四章 音视频互通,\r\n4-1 媒体能力协商过程Offer/Answer,\r\n4-2 端到端传输基本流程,\r\n4-3 音视频端对端传输,\r\n4-4 获取 Offer/Answer的SDP,\r\n4-5 STUN/TURN服务器搭建,\r\n4-6 1:1实时互动直播的实现;\r\n第五章 RTP/RTCP,\r\n5-1 RTP协议分析,\r\n5-2 RTCP协议分析,\r\n5-3 DTLS/SRTP;\r\n第六章 数据统计与网络质量,\r\n6-1 编解码器的统计信息,\r\n6-2 当前接收到的RTP包的统计信息,\r\n6-3 发送的RTP包统计信息,\r\n6-4 远端接收与发送RTP包的统计信息,\r\n6-5 网络候选者的统计信息', '0', '0', '0', '54', '4');
INSERT INTO `books` VALUES ('55', '人人都能开发安卓App', '2019-04-22 20:56:43', '2019-04-22 20:56:43', '第1版 (2014年11月20日)', 'App Inventor 2是一款图形化在线安卓开发软件，软件入门门槛低，无需编程基础，程序员和非程序员均能上手。App Inventor 2不仅可以开发各种安卓程序，还可以同单片机、Arduino、乐高机器人连接，应用领域广阔。\r\n全书由三位App Inventor中文网资深版主撰写，主要内容包括：App Inventor 2入门、App Inventor 2开发基础要素、多媒体应用、传感器和蓝牙应用、动画游戏应用、网络应用、数据交互应用等。本书给出了2048、打飞机、手机遥控机器人等时下流行的软件应用，还在附录介绍了App Inventor 2组件及指令，是App Inventor 2开发的一本权威参考书籍。', '1-1 为什么学习git,\r\n1-2 Git的安装;\r\n第2章 Git仓库创建及工作量,\r\n2-1  创建仓库,\r\n2-2 工作流;\r\n第三章 Git主要功能,\r\n3-1 远程仓库,\r\n3-2 克隆仓库,\r\n3-3 标签管理,\r\n3-4 分支管理;\r\n第四章 音视频互通,\r\n4-1 媒体能力协商过程Offer/Answer,\r\n4-2 端到端传输基本流程,\r\n4-3 音视频端对端传输,\r\n4-4 获取 Offer/Answer的SDP,\r\n4-5 STUN/TURN服务器搭建,\r\n4-6 1:1实时互动直播的实现;\r\n第五章 RTP/RTCP,\r\n5-1 RTP协议分析,\r\n5-2 RTCP协议分析,\r\n5-3 DTLS/SRTP;\r\n第六章 数据统计与网络质量,\r\n6-1 编解码器的统计信息,\r\n6-2 当前接收到的RTP包的统计信息,\r\n6-3 发送的RTP包统计信息,\r\n6-4 远端接收与发送RTP包的统计信息,\r\n6-5 网络候选者的统计信息', '1', '0', '0', '55', '8');
INSERT INTO `books` VALUES ('56', '算法之美', '2019-04-22 20:58:22', '2019-04-22 20:58:22', '第1版 (2018年5月1日)', '计算机科学家几十年来也一直在努力解决这些问题，而他们找到的解决方案可以给我们很多启发。\r\n通过丰富的跨学科研究，作者指出，计算机算法也可以用来解答人类面临的这些问题。这本书告诉我们如何更有效地利用直觉、什么时候应该把选择权交给命运、无所适从的时候应该如何做出选择，以及如何有效地与他人保持联系。从找配偶到找停车位，从组织管理个人邮箱的收件箱到理解人类记忆的作用原理，这本书把计算机科学的智慧转化为人类生活的策略，引导我们做出明智的选择。', '1-1 为什么学习git,\r\n1-2 Git的安装;\r\n第2章 Git仓库创建及工作量,\r\n2-1  创建仓库,\r\n2-2 工作流;\r\n第三章 Git主要功能,\r\n3-1 远程仓库,\r\n3-2 克隆仓库,\r\n3-3 标签管理,\r\n3-4 分支管理;\r\n第四章 音视频互通,\r\n4-1 媒体能力协商过程Offer/Answer,\r\n4-2 端到端传输基本流程,\r\n4-3 音视频端对端传输,\r\n4-4 获取 Offer/Answer的SDP,\r\n4-5 STUN/TURN服务器搭建,\r\n4-6 1:1实时互动直播的实现;\r\n第五章 RTP/RTCP,\r\n5-1 RTP协议分析,\r\n5-2 RTCP协议分析,\r\n5-3 DTLS/SRTP;\r\n第六章 数据统计与网络质量,\r\n6-1 编解码器的统计信息,\r\n6-2 当前接收到的RTP包的统计信息,\r\n6-3 发送的RTP包统计信息,\r\n6-4 远端接收与发送RTP包的统计信息,\r\n6-5 网络候选者的统计信息', '0', '0', '0', '56', '31');
INSERT INTO `books` VALUES ('57', '自然哲学之数学原理', '2019-04-22 20:59:16', '2019-04-22 20:59:16', '第1版 (2013年10月8日)', '《自然哲学之数学原理》是牛顿一生中最重要的科学著作，也是经典力学的集大成之作。在牛顿之前，天体运动和地上运动是被分开来考虑的。伽利略提出了运动的相对性，运动的合成和自由落体的法则，笛卡尔讨论了惯性原理的动量守恒法则；开普勒提出了行星运动三定律。牛顿的主要工作是将天体和地上的运动研究成果统一起来，并从数学上给予适当的证明。《原理》给出了著名的牛顿运动三大定律以及引力和距离的平方反比关系，构建了一个完整的经典力学体系', '1-1 为什么学习git,\r\n1-2 Git的安装;\r\n第2章 Git仓库创建及工作量,\r\n2-1  创建仓库,\r\n2-2 工作流;\r\n第三章 Git主要功能,\r\n3-1 远程仓库,\r\n3-2 克隆仓库,\r\n3-3 标签管理,\r\n3-4 分支管理;\r\n第四章 音视频互通,\r\n4-1 媒体能力协商过程Offer/Answer,\r\n4-2 端到端传输基本流程,\r\n4-3 音视频端对端传输,\r\n4-4 获取 Offer/Answer的SDP,\r\n4-5 STUN/TURN服务器搭建,\r\n4-6 1:1实时互动直播的实现;\r\n第五章 RTP/RTCP,\r\n5-1 RTP协议分析,\r\n5-2 RTCP协议分析,\r\n5-3 DTLS/SRTP;\r\n第六章 数据统计与网络质量,\r\n6-1 编解码器的统计信息,\r\n6-2 当前接收到的RTP包的统计信息,\r\n6-3 发送的RTP包统计信息,\r\n6-4 远端接收与发送RTP包的统计信息,\r\n6-5 网络候选者的统计信息', '0', '0', '0', '57', '3');
INSERT INTO `books` VALUES ('58', 'IT基础架构:系统运维实践 ', '2019-04-22 21:00:38', '2019-04-22 21:00:38', '第1版 (2018年5月1日)', '目前，全球进入了“互联网+”时代，越来越多的传统企业都在考虑通过网络提供产品和服务，包括互联网+教育、互联网+金融、互联网电商、互联网+出租车、互联网+保险等。而互联网的背后就是Linux技术的时代（包括移动互联网在内），掌握Linux运维技术已经成为每一个IT技术人员的必经之路，本书的中小规模网站集群架构实战就是构建在Linux系统上的高性能、高并发企业级网站集群架构上的解决方案！', '1-1 为什么学习git,\r\n1-2 Git的安装;\r\n第2章 Git仓库创建及工作量,\r\n2-1  创建仓库,\r\n2-2 工作流;\r\n第三章 Git主要功能,\r\n3-1 远程仓库,\r\n3-2 克隆仓库,\r\n3-3 标签管理,\r\n3-4 分支管理;\r\n第四章 音视频互通,\r\n4-1 媒体能力协商过程Offer/Answer,\r\n4-2 端到端传输基本流程,\r\n4-3 音视频端对端传输,\r\n4-4 获取 Offer/Answer的SDP,\r\n4-5 STUN/TURN服务器搭建,\r\n4-6 1:1实时互动直播的实现;\r\n第五章 RTP/RTCP,\r\n5-1 RTP协议分析,\r\n5-2 RTCP协议分析,\r\n5-3 DTLS/SRTP;\r\n第六章 数据统计与网络质量,\r\n6-1 编解码器的统计信息,\r\n6-2 当前接收到的RTP包的统计信息,\r\n6-3 发送的RTP包统计信息,\r\n6-4 远端接收与发送RTP包的统计信息,\r\n6-5 网络候选者的统计信息', '0', '0', '0', '58', '5');
INSERT INTO `books` VALUES ('59', ' Python自动化运维：技术与最佳实践 (Linux/Unix技术丛书) Python自动化运维', '2019-04-22 21:01:42', '2019-04-22 21:01:42', '第1版 (2014年11月1日)', '全书一共16章：基础篇(第1~4章)详细介绍了系统基础信息、业务服务监控、定制业务质量报表、系统安全等基础和常用模块；高级篇(第5—12章)深入讲解了批量运维管理器pexpect、paramiko、Fabric，集中化管理平台Ansible、Saltstack，统一网络控制器Func等高级功能，涵盖自动化操作、系统管理、配置管理、集群管理及大数据应用等主题；案例篇(第13—16章)详细介绍了4个来自不同平台的运维案例，如何从零开始打造—个B／S自动化运维平台、如何打造Linux系统安全审计功能、如何构建分布式质量监控平台、如何构建桌面版C／S自动化运维平台，这个案例均来自实际生产环境', '1-1 为什么学习git,\r\n1-2 Git的安装;\r\n第2章 Git仓库创建及工作量,\r\n2-1  创建仓库,\r\n2-2 工作流;\r\n第三章 Git主要功能,\r\n3-1 远程仓库,\r\n3-2 克隆仓库,\r\n3-3 标签管理,\r\n3-4 分支管理;\r\n第四章 音视频互通,\r\n4-1 媒体能力协商过程Offer/Answer,\r\n4-2 端到端传输基本流程,\r\n4-3 音视频端对端传输,\r\n4-4 获取 Offer/Answer的SDP,\r\n4-5 STUN/TURN服务器搭建,\r\n4-6 1:1实时互动直播的实现;\r\n第五章 RTP/RTCP,\r\n5-1 RTP协议分析,\r\n5-2 RTCP协议分析,\r\n5-3 DTLS/SRTP;\r\n第六章 数据统计与网络质量,\r\n6-1 编解码器的统计信息,\r\n6-2 当前接收到的RTP包的统计信息,\r\n6-3 发送的RTP包统计信息,\r\n6-4 远端接收与发送RTP包的统计信息,\r\n6-5 网络候选者的统计信息', '0', '0', '0', '59', '6');
INSERT INTO `books` VALUES ('60', ' MG动画设计5项修炼', '2019-04-22 21:03:24', '2019-04-22 21:03:24', '第1版 (2018年8月1日)', '近距离地了解（MG）这个行业，这本书是不二的选择。 ——鲸梦文化创始人 刘建 通过这本书，你将会对MG动画有一个全面的了解，自己学会做动画也不再遥不可及。这本书会教会你全部的工具及技巧，你只需要用心练习！', '1-1 为什么学习git,\r\n1-2 Git的安装;\r\n第2章 Git仓库创建及工作量,\r\n2-1  创建仓库,\r\n2-2 工作流;\r\n第三章 Git主要功能,\r\n3-1 远程仓库,\r\n3-2 克隆仓库,\r\n3-3 标签管理,\r\n3-4 分支管理;\r\n第四章 音视频互通,\r\n4-1 媒体能力协商过程Offer/Answer,\r\n4-2 端到端传输基本流程,\r\n4-3 音视频端对端传输,\r\n4-4 获取 Offer/Answer的SDP,\r\n4-5 STUN/TURN服务器搭建,\r\n4-6 1:1实时互动直播的实现;\r\n第五章 RTP/RTCP,\r\n5-1 RTP协议分析,\r\n5-2 RTCP协议分析,\r\n5-3 DTLS/SRTP;\r\n第六章 数据统计与网络质量,\r\n6-1 编解码器的统计信息,\r\n6-2 当前接收到的RTP包的统计信息,\r\n6-3 发送的RTP包统计信息,\r\n6-4 远端接收与发送RTP包的统计信息,\r\n6-5 网络候选者的统计信息', '0', '0', '0', '60', '4');
INSERT INTO `books` VALUES ('61', '动画角色设计', '2019-04-22 21:04:26', '2019-04-22 21:04:26', '第1版 (2014年4月1日)', '本书以实践为主、理论为辅，将项目的原始创作素材和案例的制作过程进行综合讲解，着重培养学生动手能力，重点突出、技术精湛，最符合国内动画专业学生的实际需求，并配有百套直观的动画项目角色设计案例，鼓励自主学习和模拟实战。将多种风格的动画角色设计进行举一反三的模拟创作设计，使初学者和专业人士通过对项目工程文件的学习和研究提高专业能力与创作修养，最终将动画创作的艺术性、技术性、工程性紧密结合。', '1-1 为什么学习git,\r\n1-2 Git的安装;\r\n第2章 Git仓库创建及工作量,\r\n2-1  创建仓库,\r\n2-2 工作流;\r\n第三章 Git主要功能,\r\n3-1 远程仓库,\r\n3-2 克隆仓库,\r\n3-3 标签管理,\r\n3-4 分支管理;\r\n第四章 音视频互通,\r\n4-1 媒体能力协商过程Offer/Answer,\r\n4-2 端到端传输基本流程,\r\n4-3 音视频端对端传输,\r\n4-4 获取 Offer/Answer的SDP,\r\n4-5 STUN/TURN服务器搭建,\r\n4-6 1:1实时互动直播的实现;\r\n第五章 RTP/RTCP,\r\n5-1 RTP协议分析,\r\n5-2 RTCP协议分析,\r\n5-3 DTLS/SRTP;\r\n第六章 数据统计与网络质量,\r\n6-1 编解码器的统计信息,\r\n6-2 当前接收到的RTP包的统计信息,\r\n6-3 发送的RTP包统计信息,\r\n6-4 远端接收与发送RTP包的统计信息,\r\n6-5 网络候选者的统计信息', '0', '0', '0', '61', '4');
INSERT INTO `books` VALUES ('62', 'Unity 3D脚本编程', '2019-04-22 21:08:25', '2019-04-22 21:08:25', '第1版 (2016年9月1日)', '全面系统地剖析了Unity 3D的跨平台原理以及游戏脚本开发的特点。第1章主要介绍了Unity 3D引擎的历史以及编辑器的基本知识；第2章主要介绍了Mono，以及Unity 3D利用Mono实现跨平台的原理，并且分析了C#语言为何更加适合Unity 3D游戏开发；第3章到第10章主要介绍了Unity 3D游戏脚本语言C#在使用Unity 3D开发过程中的知识点，包括Unity 3D脚本的类型基础、数据结构、在Unity 3D脚本中使用泛型、使用委托和事件打造自己的消息系统、利用定制特性来拓展Unity 3D的编辑器、Unity 3D协程背后的秘密', '1-1 为什么学习git,\r\n1-2 Git的安装;\r\n第2章 Git仓库创建及工作量,\r\n2-1  创建仓库,\r\n2-2 工作流;\r\n第三章 Git主要功能,\r\n3-1 远程仓库,\r\n3-2 克隆仓库,\r\n3-3 标签管理,\r\n3-4 分支管理;\r\n第四章 音视频互通,\r\n4-1 媒体能力协商过程Offer/Answer,\r\n4-2 端到端传输基本流程,\r\n4-3 音视频端对端传输,\r\n4-4 获取 Offer/Answer的SDP,\r\n4-5 STUN/TURN服务器搭建,\r\n4-6 1:1实时互动直播的实现;\r\n第五章 RTP/RTCP,\r\n5-1 RTP协议分析,\r\n5-2 RTCP协议分析,\r\n5-3 DTLS/SRTP;\r\n第六章 数据统计与网络质量,\r\n6-1 编解码器的统计信息,\r\n6-2 当前接收到的RTP包的统计信息,\r\n6-3 发送的RTP包统计信息,\r\n6-4 远端接收与发送RTP包的统计信息,\r\n6-5 网络候选者的统计信息', '0', '0', '0', '62', '8');
INSERT INTO `books` VALUES ('63', '全面解读PHP面试 ', '2019-05-13 17:03:00', '2019-05-13 17:03:00', '2016年11月28日', '本书根据编者多年PHP开发经验精心编写。全书从基础到实践，循序渐进地介绍了PHP 7编程的核心知识与技术要点，主要内容包括：PHP语法基础、函数、数组、表单、对象、XML和JSON、Cookie和Session、异常处理、PHP类、正则表达式、常见的设计模式、PHP操作图像和文件、MVC架构思想、ThinkPHP框架、PHP操作Redis和MySQL数据库，还介绍了基于前端架构打造服务端、自己动手开发PHP框架、O2O网站和App后台开发以及大型网站技术架构等。', '1-1 为什么学习git,\r\n1-2 Git的安装;\r\n第2章 Git仓库创建及工作量,\r\n2-1  创建仓库,\r\n2-2 工作流;\r\n第三章 Git主要功能,\r\n3-1 远程仓库,\r\n3-2 克隆仓库,\r\n3-3 标签管理,\r\n3-4 分支管理;\r\n第四章 音视频互通,\r\n4-1 媒体能力协商过程Offer/Answer,\r\n4-2 端到端传输基本流程,\r\n4-3 音视频端对端传输,\r\n4-4 获取 Offer/Answer的SDP,\r\n4-5 STUN/TURN服务器搭建,\r\n4-6 1:1实时互动直播的实现;\r\n第五章 RTP/RTCP,\r\n5-1 RTP协议分析,\r\n5-2 RTCP协议分析,\r\n5-3 DTLS/SRTP;\r\n第六章 数据统计与网络质量,\r\n6-1 编解码器的统计信息,\r\n6-2 当前接收到的RTP包的统计信息,\r\n6-3 发送的RTP包统计信息,\r\n6-4 远端接收与发送RTP包的统计信息,\r\n6-5 网络候选者的统计信息', '1', '0', '0', '63', '6');
INSERT INTO `books` VALUES ('64', '深入浅出React和Redux', '2019-05-13 17:05:30', '2019-05-13 17:05:30', '2017年9月1日', '由Facebook开发，并且被Netflix、Walmart和The New York Times等公司用于构建大部分Web界面，React很快就受到大众的青睐。通过这本实践指南学习你将如何构建React组件，并充分感受React在实际工作中的神奇魅力。本书的主要内容有：用JavaScript学习核心的函数式编程概念。了解React在浏览器中的运行机制。通过挂载和合成React组件来创建应用程序表现层。使用组件树管理数据，减少调试应用程序的时间。探索React组件生命周期，并使用它来加载数据和提高UI性能。为浏览器历史、书签和单页应用程序的其他功能选用路由解决方案。学习如何在服务端构建React应用程序。', '1-1 为什么学习git,\r\n1-2 Git的安装;\r\n第2章 Git仓库创建及工作量,\r\n2-1  创建仓库,\r\n2-2 工作流;\r\n第三章 Git主要功能,\r\n3-1 远程仓库,\r\n3-2 克隆仓库,\r\n3-3 标签管理,\r\n3-4 分支管理;\r\n第四章 音视频互通,\r\n4-1 媒体能力协商过程Offer/Answer,\r\n4-2 端到端传输基本流程,\r\n4-3 音视频端对端传输,\r\n4-4 获取 Offer/Answer的SDP,\r\n4-5 STUN/TURN服务器搭建,\r\n4-6 1:1实时互动直播的实现;\r\n第五章 RTP/RTCP,\r\n5-1 RTP协议分析,\r\n5-2 RTCP协议分析,\r\n5-3 DTLS/SRTP;\r\n第六章 数据统计与网络质量,\r\n6-1 编解码器的统计信息,\r\n6-2 当前接收到的RTP包的统计信息,\r\n6-3 发送的RTP包统计信息,\r\n6-4 远端接收与发送RTP包的统计信息,\r\n6-5 网络候选者的统计信息', '0', '1', '0', '64', '27');
INSERT INTO `books` VALUES ('65', '深入浅出Vue.js', '2019-05-13 17:07:33', '2019-05-13 17:07:33', '2019年1月1日', '简要介绍了Vue.js；然后详细讲解了其内部核心技术“变化侦测”，这里带领大家从0到1实现一个简单的“变化侦测”系统；接着详细介绍了虚拟DOM技术，其中包括虚拟DOM的原理及其patching算法；紧接着详细讨论了模板编译技术，其中包括模板解析器的实现原理、优化器的原理以及代码生成器的原理；最后详细介绍了其整体架构以及提供给我们使用的各种API的内部原理，同时还介绍了生命周期、错误处理、指令系统与模板过滤器等功能的原理', '1-1 为什么学习git,\r\n1-2 Git的安装;\r\n第2章 Git仓库创建及工作量,\r\n2-1  创建仓库,\r\n2-2 工作流;\r\n第三章 Git主要功能,\r\n3-1 远程仓库,\r\n3-2 克隆仓库,\r\n3-3 标签管理,\r\n3-4 分支管理;\r\n第四章 音视频互通,\r\n4-1 媒体能力协商过程Offer/Answer,\r\n4-2 端到端传输基本流程,\r\n4-3 音视频端对端传输,\r\n4-4 获取 Offer/Answer的SDP,\r\n4-5 STUN/TURN服务器搭建,\r\n4-6 1:1实时互动直播的实现;\r\n第五章 RTP/RTCP,\r\n5-1 RTP协议分析,\r\n5-2 RTCP协议分析,\r\n5-3 DTLS/SRTP;\r\n第六章 数据统计与网络质量,\r\n6-1 编解码器的统计信息,\r\n6-2 当前接收到的RTP包的统计信息,\r\n6-3 发送的RTP包统计信息,\r\n6-4 远端接收与发送RTP包的统计信息,\r\n6-5 网络候选者的统计信息', '0', '1', '0', '65', '28');
INSERT INTO `books` VALUES ('66', 'vue2.5入门 ', '2019-05-13 17:08:44', '2019-05-13 17:08:44', '第1版 (2014年4月1日)', '对于很多刚接触Vue的同学，最难做到的就是编程思路的切换，这门课程，我们将通过形象的例子给大家讲解Vue的基础语法及编程思路，带大家快速的上手Vue的基础开发，这门课也包含了关于组件话和vue-cli等内容的基础讲解。', '1-1 为什么学习git,\r\n1-2 Git的安装;\r\n第2章 Git仓库创建及工作量,\r\n2-1  创建仓库,\r\n2-2 工作流;\r\n第三章 Git主要功能,\r\n3-1 远程仓库,\r\n3-2 克隆仓库,\r\n3-3 标签管理,\r\n3-4 分支管理;\r\n第四章 音视频互通,\r\n4-1 媒体能力协商过程Offer/Answer,\r\n4-2 端到端传输基本流程,\r\n4-3 音视频端对端传输,\r\n4-4 获取 Offer/Answer的SDP,\r\n4-5 STUN/TURN服务器搭建,\r\n4-6 1:1实时互动直播的实现;\r\n第五章 RTP/RTCP,\r\n5-1 RTP协议分析,\r\n5-2 RTCP协议分析,\r\n5-3 DTLS/SRTP;\r\n第六章 数据统计与网络质量,\r\n6-1 编解码器的统计信息,\r\n6-2 当前接收到的RTP包的统计信息,\r\n6-3 发送的RTP包统计信息,\r\n6-4 远端接收与发送RTP包的统计信息,\r\n6-5 网络候选者的统计信息', '0', '0', '1', '66', '2');
INSERT INTO `books` VALUES ('67', '基于协同过滤的书籍推荐系统', '2019-05-15 16:22:52', '2019-05-15 16:22:52', '2017年6月1日', '基于协同过滤的书籍推荐系统', '1-1 为什么学习git,\r\n1-2 Git的安装;\r\n第2章 Git仓库创建及工作量,\r\n2-1  创建仓库,\r\n2-2 工作流;\r\n第三章 Git主要功能,\r\n3-1 远程仓库,\r\n3-2 克隆仓库,\r\n3-3 标签管理,\r\n3-4 分支管理;\r\n第四章 音视频互通,\r\n4-1 媒体能力协商过程Offer/Answer,\r\n4-2 端到端传输基本流程,\r\n4-3 音视频端对端传输,\r\n4-4 获取 Offer/Answer的SDP,\r\n4-5 STUN/TURN服务器搭建,\r\n4-6 1:1实时互动直播的实现;\r\n第五章 RTP/RTCP,\r\n5-1 RTP协议分析,\r\n5-2 RTCP协议分析,\r\n5-3 DTLS/SRTP;\r\n第六章 数据统计与网络质量,\r\n6-1 编解码器的统计信息,\r\n6-2 当前接收到的RTP包的统计信息,\r\n6-3 发送的RTP包统计信息,\r\n6-4 远端接收与发送RTP包的统计信息,\r\n6-5 网络候选者的统计信息', '1', '0', '0', '67', '25');

-- ----------------------------
-- Table structure for `books_bookstype_map`
-- ----------------------------
DROP TABLE IF EXISTS `books_bookstype_map`;
CREATE TABLE `books_bookstype_map` (
  `books_id` int(11) NOT NULL,
  `bookstype_id` int(11) NOT NULL,
  PRIMARY KEY (`books_id`,`bookstype_id`),
  KEY `FKml9b2hujobv46y0a4ituv05s0` (`bookstype_id`),
  CONSTRAINT `FKeo5jm7ixwx2p97569ajhf1bkr` FOREIGN KEY (`books_id`) REFERENCES `books` (`id`),
  CONSTRAINT `FKml9b2hujobv46y0a4ituv05s0` FOREIGN KEY (`bookstype_id`) REFERENCES `books_type` (`id`)
) ENGINE=InnoDB DEFAULT CHARSET=utf8;

-- ----------------------------
-- Records of books_bookstype_map
-- ----------------------------
INSERT INTO `books_bookstype_map` VALUES ('14', '1');
INSERT INTO `books_bookstype_map` VALUES ('40', '1');
INSERT INTO `books_bookstype_map` VALUES ('41', '1');
INSERT INTO `books_bookstype_map` VALUES ('42', '1');
INSERT INTO `books_bookstype_map` VALUES ('15', '2');
INSERT INTO `books_bookstype_map` VALUES ('43', '2');
INSERT INTO `books_bookstype_map` VALUES ('44', '2');
INSERT INTO `books_bookstype_map` VALUES ('65', '3');
INSERT INTO `books_bookstype_map` VALUES ('66', '3');
INSERT INTO `books_bookstype_map` VALUES ('64', '4');
INSERT INTO `books_bookstype_map` VALUES ('17', '12');
INSERT INTO `books_bookstype_map` VALUES ('63', '16');
INSERT INTO `books_bookstype_map` VALUES ('18', '18');
INSERT INTO `books_bookstype_map` VALUES ('45', '18');
INSERT INTO `books_bookstype_map` VALUES ('46', '19');
INSERT INTO `books_bookstype_map` VALUES ('47', '19');
INSERT INTO `books_bookstype_map` VALUES ('49', '20');
INSERT INTO `books_bookstype_map` VALUES ('16', '21');
INSERT INTO `books_bookstype_map` VALUES ('55', '21');
INSERT INTO `books_bookstype_map` VALUES ('19', '22');
INSERT INTO `books_bookstype_map` VALUES ('20', '23');
INSERT INTO `books_bookstype_map` VALUES ('53', '23');
INSERT INTO `books_bookstype_map` VALUES ('54', '23');
INSERT INTO `books_bookstype_map` VALUES ('58', '25');
INSERT INTO `books_bookstype_map` VALUES ('59', '26');
INSERT INTO `books_bookstype_map` VALUES ('51', '31');
INSERT INTO `books_bookstype_map` VALUES ('50', '32');
INSERT INTO `books_bookstype_map` VALUES ('52', '33');
INSERT INTO `books_bookstype_map` VALUES ('60', '35');
INSERT INTO `books_bookstype_map` VALUES ('61', '37');
INSERT INTO `books_bookstype_map` VALUES ('57', '42');
INSERT INTO `books_bookstype_map` VALUES ('6', '43');
INSERT INTO `books_bookstype_map` VALUES ('67', '43');
INSERT INTO `books_bookstype_map` VALUES ('7', '44');
INSERT INTO `books_bookstype_map` VALUES ('8', '45');
INSERT INTO `books_bookstype_map` VALUES ('9', '46');
INSERT INTO `books_bookstype_map` VALUES ('33', '46');
INSERT INTO `books_bookstype_map` VALUES ('34', '46');
INSERT INTO `books_bookstype_map` VALUES ('10', '47');
INSERT INTO `books_bookstype_map` VALUES ('31', '47');
INSERT INTO `books_bookstype_map` VALUES ('32', '47');
INSERT INTO `books_bookstype_map` VALUES ('11', '49');
INSERT INTO `books_bookstype_map` VALUES ('30', '49');
INSERT INTO `books_bookstype_map` VALUES ('48', '50');
INSERT INTO `books_bookstype_map` VALUES ('21', '52');
INSERT INTO `books_bookstype_map` VALUES ('22', '53');
INSERT INTO `books_bookstype_map` VALUES ('23', '53');
INSERT INTO `books_bookstype_map` VALUES ('26', '54');
INSERT INTO `books_bookstype_map` VALUES ('27', '54');
INSERT INTO `books_bookstype_map` VALUES ('25', '55');
INSERT INTO `books_bookstype_map` VALUES ('24', '56');
INSERT INTO `books_bookstype_map` VALUES ('5', '60');
INSERT INTO `books_bookstype_map` VALUES ('35', '61');
INSERT INTO `books_bookstype_map` VALUES ('56', '61');
INSERT INTO `books_bookstype_map` VALUES ('12', '66');
INSERT INTO `books_bookstype_map` VALUES ('36', '66');
INSERT INTO `books_bookstype_map` VALUES ('37', '66');
INSERT INTO `books_bookstype_map` VALUES ('38', '66');
INSERT INTO `books_bookstype_map` VALUES ('39', '66');
INSERT INTO `books_bookstype_map` VALUES ('13', '102');
INSERT INTO `books_bookstype_map` VALUES ('62', '102');
INSERT INTO `books_bookstype_map` VALUES ('28', '103');
INSERT INTO `books_bookstype_map` VALUES ('29', '103');

-- ----------------------------
-- Table structure for `books_img`
-- ----------------------------
DROP TABLE IF EXISTS `books_img`;
CREATE TABLE `books_img` (
  `id` int(11) NOT NULL AUTO_INCREMENT,
  `img_addr` varchar(255) DEFAULT NULL,
  `img_desc` varchar(255) DEFAULT NULL,
  `priority` int(11) DEFAULT NULL,
  `books_id` int(11) DEFAULT NULL,
  PRIMARY KEY (`id`),
  KEY `FKnuwacbywasr0oku4b3ai3cgfd` (`books_id`),
  CONSTRAINT `FKnuwacbywasr0oku4b3ai3cgfd` FOREIGN KEY (`books_id`) REFERENCES `books` (`id`)
) ENGINE=InnoDB AUTO_INCREMENT=68 DEFAULT CHARSET=utf8;

-- ----------------------------
-- Records of books_img
-- ----------------------------
INSERT INTO `books_img` VALUES ('5', '/CFilteringUpload/BooksImages/2019031521532723448.jpg', null, '1', '5');
INSERT INTO `books_img` VALUES ('6', '/CFilteringUpload/BooksImages/2019040822382943950.jpg', null, '1', '6');
INSERT INTO `books_img` VALUES ('7', '/CFilteringUpload/BooksImages/2019040822405545835.jpg', null, '1', '7');
INSERT INTO `books_img` VALUES ('8', '/CFilteringUpload/BooksImages/2019040822423054617.jpg', null, '1', '8');
INSERT INTO `books_img` VALUES ('9', '/CFilteringUpload/BooksImages/2019040822453839005.jpg', null, '1', '9');
INSERT INTO `books_img` VALUES ('10', '/CFilteringUpload/BooksImages/2019040822473754573.jpg', null, '1', '10');
INSERT INTO `books_img` VALUES ('11', '/CFilteringUpload/BooksImages/2019040822495597605.jpg', null, '1', '11');
INSERT INTO `books_img` VALUES ('12', '/CFilteringUpload/BooksImages/2019041120553858873.jpg', null, '1', '12');
INSERT INTO `books_img` VALUES ('13', '/CFilteringUpload/BooksImages/2019041120574993498.jpg', null, '1', '13');
INSERT INTO `books_img` VALUES ('14', '/CFilteringUpload/BooksImages/2019041120591417950.jpg', null, '1', '14');
INSERT INTO `books_img` VALUES ('15', '/CFilteringUpload/BooksImages/2019041121004420119.jpg', null, '1', '15');
INSERT INTO `books_img` VALUES ('16', '/CFilteringUpload/BooksImages/2019041121024248601.jpg', null, '1', '16');
INSERT INTO `books_img` VALUES ('17', '/CFilteringUpload/BooksImages/2019041121040916330.jpg', null, '1', '17');
INSERT INTO `books_img` VALUES ('18', '/CFilteringUpload/BooksImages/2019041121051167039.jpg', null, '1', '18');
INSERT INTO `books_img` VALUES ('19', '/CFilteringUpload/BooksImages/2019041121065031329.jpg', null, '1', '19');
INSERT INTO `books_img` VALUES ('20', '/CFilteringUpload/BooksImages/2019041121092427427.jpg', null, '1', '20');
INSERT INTO `books_img` VALUES ('21', '/CFilteringUpload/BooksImages/2019041121110213780.jpg', null, '1', '21');
INSERT INTO `books_img` VALUES ('22', '/CFilteringUpload/BooksImages/2019041121120385031.jpg', null, '1', '22');
INSERT INTO `books_img` VALUES ('23', '/CFilteringUpload/BooksImages/2019041121130430430.jpg', null, '1', '23');
INSERT INTO `books_img` VALUES ('24', '/CFilteringUpload/BooksImages/2019041121142674963.jpg', null, '1', '24');
INSERT INTO `books_img` VALUES ('25', '/CFilteringUpload/BooksImages/2019041121210220421.jpg', null, '1', '25');
INSERT INTO `books_img` VALUES ('26', '/CFilteringUpload/BooksImages/2019041121220615366.jpg', null, '1', '26');
INSERT INTO `books_img` VALUES ('27', '/CFilteringUpload/BooksImages/2019041121225628266.jpg', null, '1', '27');
INSERT INTO `books_img` VALUES ('28', '/CFilteringUpload/BooksImages/2019041121241679259.jpg', null, '1', '28');
INSERT INTO `books_img` VALUES ('29', '/CFilteringUpload/BooksImages/2019041121315130355.jpg', null, '1', '29');
INSERT INTO `books_img` VALUES ('30', '/CFilteringUpload/BooksImages/2019041121390511035.jpg', null, '1', '30');
INSERT INTO `books_img` VALUES ('31', '/CFilteringUpload/BooksImages/2019041121395637540.jpg', null, '1', '31');
INSERT INTO `books_img` VALUES ('32', '/CFilteringUpload/BooksImages/2019041121421026272.jpg', null, '1', '32');
INSERT INTO `books_img` VALUES ('33', '/CFilteringUpload/BooksImages/2019041121433510823.jpg', null, '1', '33');
INSERT INTO `books_img` VALUES ('34', '/CFilteringUpload/BooksImages/2019041121444055951.jpg', null, '1', '34');
INSERT INTO `books_img` VALUES ('35', '/CFilteringUpload/BooksImages/2019041121464879358.jpg', null, '1', '35');
INSERT INTO `books_img` VALUES ('36', '/CFilteringUpload/BooksImages/2019041121594365136.jpg', null, '1', '36');
INSERT INTO `books_img` VALUES ('37', '/CFilteringUpload/BooksImages/2019041122003629291.jpg', null, '1', '37');
INSERT INTO `books_img` VALUES ('38', '/CFilteringUpload/BooksImages/2019041122012019982.jpg', null, '1', '38');
INSERT INTO `books_img` VALUES ('39', '/CFilteringUpload/BooksImages/2019041122021597785.jpg', null, '1', '39');
INSERT INTO `books_img` VALUES ('40', '/CFilteringUpload/BooksImages/2019042220403164283.jpg', null, '1', '40');
INSERT INTO `books_img` VALUES ('41', '/CFilteringUpload/BooksImages/2019042220414962255.jpg', null, '1', '41');
INSERT INTO `books_img` VALUES ('42', '/CFilteringUpload/BooksImages/2019042220424436590.jpg', null, '1', '42');
INSERT INTO `books_img` VALUES ('43', '/CFilteringUpload/BooksImages/2019042220434367192.jpg', null, '1', '43');
INSERT INTO `books_img` VALUES ('44', '/CFilteringUpload/BooksImages/2019042220443781022.jpg', null, '1', '44');
INSERT INTO `books_img` VALUES ('45', '/CFilteringUpload/BooksImages/2019042220461543841.jpg', null, '1', '45');
INSERT INTO `books_img` VALUES ('46', '/CFilteringUpload/BooksImages/2019042220470698635.jpg', null, '1', '46');
INSERT INTO `books_img` VALUES ('47', '/CFilteringUpload/BooksImages/2019042220480010046.jpg', null, '1', '47');
INSERT INTO `books_img` VALUES ('48', '/CFilteringUpload/BooksImages/2019042220490869920.jpg', null, '1', '48');
INSERT INTO `books_img` VALUES ('49', '/CFilteringUpload/BooksImages/2019042220495685195.jpg', null, '1', '49');
INSERT INTO `books_img` VALUES ('50', '/CFilteringUpload/BooksImages/2019042220511029074.jpg', null, '1', '50');
INSERT INTO `books_img` VALUES ('51', '/CFilteringUpload/BooksImages/2019042220520474688.jpg', null, '1', '51');
INSERT INTO `books_img` VALUES ('52', '/CFilteringUpload/BooksImages/2019042220531412754.jpg', null, '1', '52');
INSERT INTO `books_img` VALUES ('53', '/CFilteringUpload/BooksImages/2019042220543279189.jpg', null, '1', '53');
INSERT INTO `books_img` VALUES ('54', '/CFilteringUpload/BooksImages/2019042220552318985.jpg', null, '1', '54');
INSERT INTO `books_img` VALUES ('55', '/CFilteringUpload/BooksImages/2019042220564347631.jpg', null, '1', '55');
INSERT INTO `books_img` VALUES ('56', '/CFilteringUpload/BooksImages/2019042220582231351.jpg', null, '1', '56');
INSERT INTO `books_img` VALUES ('57', '/CFilteringUpload/BooksImages/2019042220591576192.jpg', null, '1', '57');
INSERT INTO `books_img` VALUES ('58', '/CFilteringUpload/BooksImages/2019042221003821791.jpg', null, '1', '58');
INSERT INTO `books_img` VALUES ('59', '/CFilteringUpload/BooksImages/2019042221014274019.jpg', null, '1', '59');
INSERT INTO `books_img` VALUES ('60', '/CFilteringUpload/BooksImages/2019042221032442932.jpg', null, '1', '60');
INSERT INTO `books_img` VALUES ('61', '/CFilteringUpload/BooksImages/2019042221042610201.jpg', null, '1', '61');
INSERT INTO `books_img` VALUES ('62', '/CFilteringUpload/BooksImages/2019042221082597581.jpg', null, '1', '62');
INSERT INTO `books_img` VALUES ('63', '/CFilteringUpload/BooksImages/2019051317025934898.jpg', null, '1', '63');
INSERT INTO `books_img` VALUES ('64', '/CFilteringUpload/BooksImages/2019051317053087352.jpg', null, '1', '64');
INSERT INTO `books_img` VALUES ('65', '/CFilteringUpload/BooksImages/2019051317073387448.jpg', null, '1', '65');
INSERT INTO `books_img` VALUES ('66', '/CFilteringUpload/BooksImages/2019051317084450610.jpg', null, '1', '66');
INSERT INTO `books_img` VALUES ('67', '/CFilteringUpload/BooksImages/2019051516225295724.jpg', null, '1', '67');

-- ----------------------------
-- Table structure for `books_type`
-- ----------------------------
DROP TABLE IF EXISTS `books_type`;
CREATE TABLE `books_type` (
  `id` int(11) NOT NULL AUTO_INCREMENT,
  `name` varchar(255) DEFAULT NULL,
  `book_direction` int(11) DEFAULT NULL,
  PRIMARY KEY (`id`),
  KEY `FKi9wjp0y2rmkkkdkta2quopr1m` (`book_direction`),
  CONSTRAINT `FKi9wjp0y2rmkkkdkta2quopr1m` FOREIGN KEY (`book_direction`) REFERENCES `book_direction` (`id`)
) ENGINE=InnoDB AUTO_INCREMENT=104 DEFAULT CHARSET=utf8;

-- ----------------------------
-- Records of books_type
-- ----------------------------
INSERT INTO `books_type` VALUES ('1', 'HTML/CSS', '2');
INSERT INTO `books_type` VALUES ('2', 'JavaScript', '2');
INSERT INTO `books_type` VALUES ('3', 'Vue.js', '2');
INSERT INTO `books_type` VALUES ('4', 'React.js', '2');
INSERT INTO `books_type` VALUES ('5', '算法与数据结构', '5');
INSERT INTO `books_type` VALUES ('6', 'Node.js', '2');
INSERT INTO `books_type` VALUES ('7', 'JQuery', '2');
INSERT INTO `books_type` VALUES ('8', 'Bootstrap', '2');
INSERT INTO `books_type` VALUES ('9', 'Sass/Less', '2');
INSERT INTO `books_type` VALUES ('10', 'WebApp', '2');
INSERT INTO `books_type` VALUES ('11', '数据分析&amp;挖掘', '11');
INSERT INTO `books_type` VALUES ('12', 'JAVA', '3');
INSERT INTO `books_type` VALUES ('13', 'Python', '3');
INSERT INTO `books_type` VALUES ('14', '爬虫', '3');
INSERT INTO `books_type` VALUES ('16', 'PHP', '3');
INSERT INTO `books_type` VALUES ('17', 'C', '3');
INSERT INTO `books_type` VALUES ('18', 'C++', '3');
INSERT INTO `books_type` VALUES ('19', 'C#', '3');
INSERT INTO `books_type` VALUES ('20', 'Ruby', '3');
INSERT INTO `books_type` VALUES ('21', 'Android', '4');
INSERT INTO `books_type` VALUES ('22', 'IOS', '4');
INSERT INTO `books_type` VALUES ('23', 'React Native', '4');
INSERT INTO `books_type` VALUES ('24', 'WEEX', '4');
INSERT INTO `books_type` VALUES ('25', '运维', '7');
INSERT INTO `books_type` VALUES ('26', '自动化运维', '7');
INSERT INTO `books_type` VALUES ('27', '运维工具', '7');
INSERT INTO `books_type` VALUES ('28', 'Linux', '7');
INSERT INTO `books_type` VALUES ('29', 'MySQL', '6');
INSERT INTO `books_type` VALUES ('30', 'Redis', '6');
INSERT INTO `books_type` VALUES ('31', 'MongoDB', '6');
INSERT INTO `books_type` VALUES ('32', 'Oracle', '6');
INSERT INTO `books_type` VALUES ('33', 'NoSql', '6');
INSERT INTO `books_type` VALUES ('34', '模型设计', '8');
INSERT INTO `books_type` VALUES ('35', '动效动画', '8');
INSERT INTO `books_type` VALUES ('36', '设计基础', '8');
INSERT INTO `books_type` VALUES ('37', '设计工具', '8');
INSERT INTO `books_type` VALUES ('38', 'APPUI设计', '8');
INSERT INTO `books_type` VALUES ('39', 'Unity&nbsp;3D ', '9');
INSERT INTO `books_type` VALUES ('40', 'Cocos2d-x', '9');
INSERT INTO `books_type` VALUES ('42', '数学', '5');
INSERT INTO `books_type` VALUES ('43', '网络原理', '1');
INSERT INTO `books_type` VALUES ('44', '数据结构', '1');
INSERT INTO `books_type` VALUES ('45', '计算机原理', '1');
INSERT INTO `books_type` VALUES ('46', '编译原理', '1');
INSERT INTO `books_type` VALUES ('47', '操作系统', '1');
INSERT INTO `books_type` VALUES ('49', '计算机系统结构', '1');
INSERT INTO `books_type` VALUES ('50', 'SpringBoot', '3');
INSERT INTO `books_type` VALUES ('51', 'Spring', '3');
INSERT INTO `books_type` VALUES ('52', '微服务', '11');
INSERT INTO `books_type` VALUES ('53', '区块链', '11');
INSERT INTO `books_type` VALUES ('54', '以太坊', '11');
INSERT INTO `books_type` VALUES ('55', '人工智能', '11');
INSERT INTO `books_type` VALUES ('56', '深度学习', '11');
INSERT INTO `books_type` VALUES ('58', '面向对象编程', '3');
INSERT INTO `books_type` VALUES ('59', 'Angular.js', '2');
INSERT INTO `books_type` VALUES ('60', '前端工具', '2');
INSERT INTO `books_type` VALUES ('61', '算法', '5');
INSERT INTO `books_type` VALUES ('62', '微型计算机技术', '1');
INSERT INTO `books_type` VALUES ('63', '高级语言', '1');
INSERT INTO `books_type` VALUES ('64', '汇编语言', '1');
INSERT INTO `books_type` VALUES ('65', 'Android', '4');
INSERT INTO `books_type` VALUES ('66', '计算机英语', '10');
INSERT INTO `books_type` VALUES ('102', 'Unity 3D', '9');
INSERT INTO `books_type` VALUES ('103', '数据分析&挖掘', '11');

-- ----------------------------
-- Table structure for `book_direction`
-- ----------------------------
DROP TABLE IF EXISTS `book_direction`;
CREATE TABLE `book_direction` (
  `id` int(11) NOT NULL AUTO_INCREMENT,
  `name` varchar(50) DEFAULT NULL,
  `title` varchar(60) DEFAULT NULL,
  PRIMARY KEY (`id`)
) ENGINE=InnoDB AUTO_INCREMENT=13 DEFAULT CHARSET=utf8;

-- ----------------------------
-- Records of book_direction
-- ----------------------------
INSERT INTO `book_direction` VALUES ('1', '经典课程', '经典课程');
INSERT INTO `book_direction` VALUES ('2', '前端开发', '前端开发');
INSERT INTO `book_direction` VALUES ('3', '后端开发', '后端开发');
INSERT INTO `book_direction` VALUES ('4', '移动开发', '移动开发');
INSERT INTO `book_direction` VALUES ('5', '算法&amp;数学', '算法&amp;数学');
INSERT INTO `book_direction` VALUES ('6', '数据库', '数据库');
INSERT INTO `book_direction` VALUES ('7', '运维', '运维');
INSERT INTO `book_direction` VALUES ('8', 'UI设计&amp;动画', 'UI设计&amp;动画');
INSERT INTO `book_direction` VALUES ('9', '3D游戏', '3D游戏');
INSERT INTO `book_direction` VALUES ('10', '专业英语', '专业英语');
INSERT INTO `book_direction` VALUES ('11', '前沿技术', '前沿技术');

-- ----------------------------
-- Table structure for `dynamic_share`
-- ----------------------------
DROP TABLE IF EXISTS `dynamic_share`;
CREATE TABLE `dynamic_share` (
  `id` int(11) NOT NULL AUTO_INCREMENT,
  `title` varchar(128) DEFAULT NULL,
  `contents` longtext,
  `publish_time` varchar(255) DEFAULT NULL,
  `last_edit_time` varchar(255) DEFAULT NULL,
  `check_stats` int(11) DEFAULT NULL,
  `image_addr` longtext,
  `article_type` varchar(255) DEFAULT NULL,
  `skim_count` int(11) DEFAULT NULL,
  `user_id` int(11) DEFAULT NULL,
  PRIMARY KEY (`id`),
  KEY `FK3l8cjcqhx66lmqaf131qsitu9` (`user_id`),
  CONSTRAINT `FK3l8cjcqhx66lmqaf131qsitu9` FOREIGN KEY (`user_id`) REFERENCES `user` (`id`)
) ENGINE=InnoDB AUTO_INCREMENT=9 DEFAULT CHARSET=utf8;

-- ----------------------------
-- Records of dynamic_share
-- ----------------------------
INSERT INTO `dynamic_share` VALUES ('1', 'javascript深入理解js闭包', '一、变量的作用域\n要理解闭包，首先必须理解Javascript特殊的变量作用域。\n变量的作用域无非就是两种：全局变量和局部变量。\nJavascript语言的特殊之处，就在于函数内部可以直接读取全局变量。二、如何从外部读取局部变量？\n出于种种原因，我们有时候需要得到函数内的局部变量。但是，前面已经说过了，正常情况下，这是办不到的，只有通过变通方法才能实现。\n那就是在函数的内部，再定义一个函数。', '2019-04-22 21:29:06', '2019-04-22 21:29:06', '0', '/CFilteringUpload/articleImagePath/2019042221285770433.jpg;', 'JavaScript', null, '1');
INSERT INTO `dynamic_share` VALUES ('2', 'Flutter Http网络操作实用教程', 'Go语言人才，早已是各大公司争夺的对象，简单的搜索就能找到诸如滴滴，美团，360的Go语言专属职位，而Go语言编写的项目，如Docker，Kubernetes，以太坊等早已“家喻户晓”。Go语言也在诸如大数据，云计算，微服务，容器，区块链领域应用广泛。……Go作为专门为并发和大数据设计的语言，在编程界占据越来越重要的地位！不论是c/c++，php，java，重构首选语言就是Go2018年，我们要思考的，已经不是应不应该学习Go语言，也不是思考Go语言能够做什么。而是，如何腾出时间和精力，去学习Go语言。  ', '2019-04-22 21:31:11', '2019-04-22 21:31:11', '0', '/CFilteringUpload/articleImagePath/2019042221310479758.jpg;', 'java', null, '1');
INSERT INTO `dynamic_share` VALUES ('3', 'SpringBoot使用Graylog日志收集', 'Graylog是一个生产级别的日志收集系统，集成Mongo和Elasticsearch进行日志收集。其中Mongo用于存储Graylog的元数据信息和配置信息，ElasticSearch用于存储数据。在官方文档上推荐了很多种安装的方式，这里以docker-compose的方式为例，进行安装Graylog，mongo，elasticsearch。在官方文档上推荐了很多种安装的方式，这里以docker-compose的方式为例，进行安装Graylog，mongo，elasticsearch。在官方文档上推荐了很多种安装的方式，这里以docker-compose的方式为例，进行安装Graylog，mongo，elasticsearch。这里仅以日志收集为例，简单说一下二者之间的选择，我个人的建议就是取决于现有技术栈，比如现在就有现成的Mongodb，那么选择Graylog可以节省不少成本，ELK类似，不要盲目的追求技术而选择。', '2019-04-22 21:33:14', '2019-04-22 21:33:14', '0', '/CFilteringUpload/articleImagePath/2019042221285770532.jpg;', 'java', null, '1');
INSERT INTO `dynamic_share` VALUES ('4', '破解 Kotlin 协程(3) - 协程调度篇', '调度器本质上就是一个协程上下文的实现，我们先来介绍下上下文。\n前面我们提到 launch 函数有三个参数，第一个参数叫 上下文，它的接口类型是 CoroutineContext，通常我们见到的上下文的类型是 CombinedContext 或者 EmptyCoroutineContext，一个表示上下文的组合，另一个表示什么都没有。我们来看下 CoroutineContext 的接口方法：CoroutineContext 作为一个集合，它的元素就是源码中看到的 Element，每一个 Element 都有一个 key，因此它可以作为元素出现，同时它也是 CoroutineContext 的子接口，因此也可以作为集合出现。\n讲到这里，大家就会明白，CoroutineContext 原来是个数据结构啊。如果大家对于 List 的递归定义比较熟悉的话，那么对于 CombinedContext 和 EmptyCoroutineContext 也就很容易理解了，例如 scala 的 List是这么定义的：', '2019-04-22 21:40:43', '2019-04-22 21:40:43', '0', '/CFilteringUpload/articleImagePath/20190422212857705743.jpg;', 'JavaScript', null, '3');
INSERT INTO `dynamic_share` VALUES ('5', 'webpack4构建vue项目', '距离上篇文章9102年webpack4搭建vue项目已经过了将近两个月了，一直没有时间写文章，公司项目比较多，这两个月一直在加班，最近大家一直在讨论996.icu，其实我想发表一点自己的看法，关于加班我的座右铭一直是：只要工资给到位，加班无所谓。尴尬的就是我们公司不给加班费，而且不让调休，哈哈哈，相信大多数公司都是如此，所以呢，所以呢，直到今天才能给大家分享文章，想看上篇文章的同学点这里[传送门](https://www.imooc.com/article/279078)\n好了废话不多说开始撸代码。babel-preset-env 帮助我们配置 babel.', '2019-04-22 21:42:46', '2019-04-22 21:42:46', '0', '/CFilteringUpload/articleImagePath/20190422212857705843.jpg;', 'JavaScript', null, '3');
INSERT INTO `dynamic_share` VALUES ('6', '手摸手教你用 js 写一个 js 解释器', '用 js 来 编译 js 看起来是个高大上的东西，实际原理其实很简单，无非就是利用 js 对象属性可以用字符串表示 这个特性来实现的黑魔法罢了。\n之所以看起来那么 深奥, 大概是由于网上现有的教程，都是动不动就先来个 babylon / @babel/parser 先让大家看个一大串的 AST, 然后再贴出一大串的代码,\n直接递归 AST 处理所有类型的节点. 最后成功的把我这样的新手就被吓跑了。\n那么今天我写这篇的目的，就是给大家一个浅显易懂，连刚学 js 的人都能看懂的 js2js 教程。一个最简单的解释器\n上面有提到。', '2019-04-22 21:45:56', '2019-04-22 21:45:56', '0', '/CFilteringUpload/articleImagePath/2019042221454948511.jpg;', 'JavaScript', null, '3');
INSERT INTO `dynamic_share` VALUES ('7', '转账接口设计', '在一个项目中，一般都会支付相关的业务，而涉及到支付必定会有转账的操作，转账这一步想起来算是比较关键的部分，这个接口的设计能力，也大致体现出一个人的水平。设计\n\n首先一般在系统中的参数不会有这么少，一般情况下请求参数还会有一些公共的信息，比如请求来源(请求ip与系统)、请求流水号，请求时间，等信息。网关上一般会拦截一些不合法的请求\n\n如果有返回结果，一般包含处理结果，响应时间，处理后的状态，原始的请求信息一般也会返回去\n\n看要求是否有强一致性的需求，如果没有强一致性的需求，是否要及时返回结果。根据需求做出来，如果不用实时返回结果，可以在后端不断的重试，知道有最终结果，有强一致性的要求，则需要做一些特殊处理，如果没有保证最终一致性即可。\n\n幂等性设计，一个唯一的请求流水号只能对应一笔支付，防止重复扣款\n\n可能会涉及到一些其它的远程服务，做一些操作，这里就需要根据与其它系统协商来处理，当然这个接口的入参也要与会调用这个系统的人说下\n\n题目说的，要对余额做判断，内部要判断用户的资金是否足够。可以从数据库层面上，让用户的余额不能小于0。金额计算准确，一般用BigDecimal。\n\n写代码的时候注意一些规范事项\n\n内部注意一些限制条件，账户是否合法', '2019-04-22 21:47:21', '2019-04-22 21:47:21', '0', '/CFilteringUpload/articleImagePath/2019042221454948859.jpg;', 'java', null, '3');
INSERT INTO `dynamic_share` VALUES ('8', '破解 Kotlin 协程(6) - 协程挂起篇', '我们刚刚学线程的时候，最常见的模拟各种延时用的就是 Thread.sleep 了，而在协程里面，对应的就是 delay。sleep 让线程进入休眠状态，直到指定时间之后某种信号或者条件到达，线程就尝试恢复执行，而 delay 会让协程挂起，这个过程并不会阻塞 CPU，甚至可以说从硬件使用效率上来讲是“什么都不耽误”，从这个意义上讲 delay 也可以是让协程休眠的一种很好的手段。cont.context.delay.scheduleResumeAfterDelay 这个操作，你可以类比 JavaScript 的 setTimeout，Android 的 handler.postDelay，本质上就是设置了一个延时回调，时间一到就调用 cont 的 resume 系列方法让协程继续执行。剩下的最关键的就是 suspendCancellableCoroutine 了，这可是我们的老朋友了，前面我们用它实现了回调到协程的各种转换 —— 原来 delay 也是基于它实现的，如果我们再多看一些源码，你就会发现类似的还有 join、await 等等。Job.join() 这个方法会首先检查调用者 Job 的状态是否已经完成，如果是，就直接返回并继续执行后面的代码而不再挂起，否则就会走到这个 joinSuspend 的分支当中。我们看到这里只是注册了一个完成时的回调，那么传说中的 suspendCancellableCoroutine 内部究竟做了什么呢？', '2019-05-15 16:20:25', '2019-05-15 16:20:25', '0', '/CFilteringUpload/articleImagePath/2019051516201198530.jpg;', 'JavaScript', null, '3');

-- ----------------------------
-- Table structure for `learnpath`
-- ----------------------------
DROP TABLE IF EXISTS `learnpath`;
CREATE TABLE `learnpath` (
  `id` int(11) NOT NULL AUTO_INCREMENT,
  `name` varchar(255) DEFAULT NULL,
  `beginner_book_flag` int(11) DEFAULT NULL,
  `learn_path_detail` longtext,
  `video_path` longtext,
  `path_img` varchar(255) DEFAULT NULL,
  `mark_direct` varchar(255) DEFAULT NULL,
  `use_count` int(11) DEFAULT NULL,
  PRIMARY KEY (`id`)
) ENGINE=InnoDB AUTO_INCREMENT=11 DEFAULT CHARSET=utf8;

-- ----------------------------
-- Records of learnpath
-- ----------------------------
INSERT INTO `learnpath` VALUES ('1', 'web前端工程师', '1', 'web基础之HTML/HTML5&\r\nH5新增标签、属性&\r\n音视频&\r\n表单验证&\r\n存储&\r\nCanvas&\r\n音视频&\r\n地图&&\r\nWeb基础之JavaScript/ES6&\r\n基础语法&\r\n流程控制语句&\r\n内置对象&\r\nDOM&\r\nBOM&\r\n变量、作用域&\r\n函数、事件&\r\n面向对象&\r\n正则表达式&\r\nPromise&\r\n解构赋值&\r\nES6 Class&', '/CFilteringUpload/video/20190522822382943951.mp4', '/CFilteringUpload/video/20190586412485964525.jpg', 'web前端工程师', '11');
INSERT INTO `learnpath` VALUES ('2', '区块链工程师', '0', '高级文件处理&\r\nXML简介&\r\nXML解析(DOM方法)&\r\nXML解析(SAX方法)&\r\nXML解析(Stax方法)&\r\nJSON简介及解析&\r\n图形图像简介及解析&\r\n条形码和二维码简介及解析&\r\nDocx简介及解析&\r\n表格文件简介及解析&\r\nPDF简介及解析&&\r\nJava多线程和并发编程&\r\n多进程和多线程简介&\r\nJava多线程实现&\r\nJava多线程信息共享&\r\nJava多线程管理(1)&\r\nJava多线程管理(2)&\r\nJava并发框架Executor&\r\nJava并发框架Fork-Join&\r\nJava并发数据结构&\r\nJava并发协作控制(1)&\r\nJava并发协作控制(2)&\r\nJava定时任务执行&&\r\nJava网络编程&\r\n网络基础知识&\r\nJava UDP 编程&\r\nJava TCP 编程&\r\nJava HTTP 编程&\r\nJava HTTP 编程 (HttpClient)&\r\nJava NIO 编程&\r\nJava AIO 编程&\r\nNetty编程&\r\n邮件基础知识&\r\nJava Mail编程&&\r\nJava混合编程&\r\nJava调用Java程序(RMI)&\r\nJava调用C程序(JNI)&\r\nJava调用Javascript程序(Nashorn)&\r\nJava调用Python程序(Jython)&\r\nJava调用Web Service&\r\nJava调用命令行&', '/CFilteringUpload/video/20190522822382943951.mp4', '/CFilteringUpload/video/20190512822385874950.png', '区块链工程师', null);
INSERT INTO `learnpath` VALUES ('3', 'python工程师', '0', '课程介绍&\r\nPython面向对象课程介绍&\r\nPython面向对象概念&\r\n程序设计基本方法&\r\nPython程序语法元素分析&\r\n深入理解Python语言&\r\nturtle程序语法元素分析&\r\n数字类型及操作&\r\n字符串类型及操作&\r\n从数据处理到人工智能&\r\npython运用广泛&&\r\nPython面向对象&\r\n用python定义类&\r\n用python面向对象-定义类属性&\r\npython面向对象-定义类的方法&\r\npython面向对象-类的继承&\r\n类的多态&&\r\n深入python面向对象&\r\npython面向对象-magic method简介&\r\npython对象的实例化&\r\npython类与运算符&\r\npython类的展现&\r\npython类的属性控制&\r\n朴素贝叶斯算法数学思想&\r\n文本挖掘的基本方法&\r\nCNN的Python实例&\r\n神经网络的数学思想&&\r\n感知机的数学基础&\r\n感知机的分类规则&\r\n感知机的Python实现&\r\nPython数据获取方法&\r\nPython数据可视化方法&\r\n网络基础及HTML语言概述&\r\n汉诺塔的Python实现&\r\n约瑟夫环的的Python实现', '/CFilteringUpload/video/20190522254864943951.mp4', '/CFilteringUpload/video/20190512822385874950.png', '爬虫大数据抢占先机', null);
INSERT INTO `learnpath` VALUES ('4', 'PHP工程师', '0', '面向对象 &\r\n本阶段将详细介绍面向对象的概念及其三大特征和使用规则，讲解上传下载，文件目录操作的具体实现，并教授如何运用MySQLi和PDO接口两种面向对象的方式操作数据库。&\r\n面向对象 &\r\n详细介绍面向对象的基本概念，类和对象之间的关系，对象的三大特征及相关使用 &\r\nPHP目录操作 &\r\n目录函数库常用API介绍，详细讲解目录文件读取，复制，剪切等常用操作 &\r\nPHP操作MySQL &\r\n主要讲解MySQLi和PDO两种面向对象方式操作数据库，进行增删改查、事务操作、和数据预处理等操作。 &\r\n文件上传与下载 &\r\n本课程主要是讲解PHP文件上传原理、文件配置 以及上传与下载代码的实现 &\r\n面向对象知识测试 &\r\n目录函数库常用API介绍，详细讲解目录文件读取，复制，剪切等常用操作的测试内容&&\r\nPHP常规操作&\r\n本阶段主要介绍如何实现分页加载功能，通过ajax实现异步加载，正则表达式的基本语法和应用，如何搭建文件管理系统，常见错误与解决方案，以及GD库的基础知识。&\r\nAJAX基础原理与应用 &\r\n本课程主要是讲解AJAX基础应用和AJAX类的封装 &\r\n项目：AJAX方式实现分页 &\r\n主要讲解ajax类的封装以及实现分页的过程 &\r\n正则表达式 &\r\n主要讲解正则的基本语法和使用，以及项目中如何运用正则。 &\r\n错误与异常 &\r\n主要讲解PHP中常见错误以及常见错误的解决方案。 &&\r\n图像处理 &\r\nGD库的基本信息，图像的旋转、水印、缩略图、验证码，以及图像类的封装。 &\r\n项目：文件管理系统 &\r\n利用所学的文件、目录知识，搭建一个文件管理系统。 &&\r\nPHP应用扩展 &\r\n本阶段主要介绍Linux系统的基础知识、如何进行Lamp环境搭建，什么是MVC设计模式的介绍以及如何应用Memcached 进行高效缓存处理。&\r\nLinux基础 &\r\n课程中将介绍centos的安装与配置，Linux下基本命令、权限控制，解压缩文件以及软件的安装与卸载。&\r\nLinux下shell编程基础 &\r\n主要是讲解VIM编译器的使用以及shell编程基础 &\r\nLAMP环境搭建 &\r\n主要是讲解Linux下PHP，Apache，Mysql 的安装 &\r\nMVC+Smarty 模板引擎 &\r\n课程主要讲解MVC开发模式以及Smarty模板引擎的使用 &\r\nMemcached &\r\n讲解Memcached的安装、常用函数以及使用场景。 &&\r\nTHinkPHP5框架开发&\r\n本阶段主要介绍TP5框架基础使用：从Composer安装TP5到TP5的项目路由，模板赋值输出，模板标签使用，数据库配置，查询构造器的增删改查使用及结合论坛项目实际运用TP5，达到学以致用。&\r\nThinkphp5基础 &\r\n主要讲解thinkphp5框架的目录结构，以及使用框架model 、controler、view的使用，以及错误&\r\n实战：Thinkphp5团购网站 &\r\n教你手把手搭建团购平台商户后台、统一管理后台以及前后台的开发 &', '/CFilteringUpload/video/20190522822382943951.mp4', '/CFilteringUpload/video/20190512822385874950.png', '打通前后端一步到位', null);
INSERT INTO `learnpath` VALUES ('5', '网络工程师', '0', '概述&\r\n为什么要学习计算机网络？&\r\n互联网络发展史&\r\n常用的基本概念&\r\n参考模型（重点）&\r\n参考模型相关的概念（重点）&\r\n本课程的组织&&\r\n物理层&\r\n物理层概述&\r\n有导向的传输介质&\r\n复用技术&\r\n调制技术&\r\n公共交换电话网络 PSTN&\r\n物理层设备&&\r\n数据链路层&\r\n数据链路层概述&\r\n差错处理概述&\r\n纠1位错的海明码&\r\n检错码&\r\n基本数据链路协议1~3&\r\n滑动窗口协议&\r\n回退n帧&\r\n选择性重传&&\r\n介质访问控制子层&\r\nMAC子层概述&\r\nALOHA协议&\r\nCSMA协议&\r\n以太网概述&\r\n以太网帧格式&\r\n二层交换的基本原理&\r\n生成树协议&\r\n虚拟局域网&\r\n二层设备&&\r\n网络层&\r\n距离矢量路由选择协议&\r\n路由信息协议 RIP&\r\nRIP 为什么会衰落？&\r\n网络层引言&\r\nIP地址、子网规划&\r\nIP寻址、IP分组&\r\n什么是IPv6？、IPv6地址IPv6分组&\r\nIPv6过渡技术路由从何而来？', '/CFilteringUpload/video/20190523821282943951.mp4', '/CFilteringUpload/video/20190512822385874950.png', '连通世界你我他', null);
INSERT INTO `learnpath` VALUES ('6', 'java工程师', '0', '高级文件处理&\r\nXML简介&\r\nXML解析(DOM方法)&\r\nXML解析(SAX方法)&\r\nXML解析(Stax方法)&\r\nJSON简介及解析&\r\n图形图像简介及解析&\r\n条形码和二维码简介及解析&\r\nDocx简介及解析&\r\n表格文件简介及解析&\r\nPDF简介及解析&&\r\nJava多线程和并发编程&\r\n多进程和多线程简介&\r\nJava多线程实现&\r\nJava多线程信息共享&\r\nJava多线程管理(1)&\r\nJava多线程管理(2)&\r\nJava并发框架Executor&\r\nJava并发框架Fork-Join&\r\nJava并发数据结构&\r\nJava并发协作控制(1)&\r\nJava并发协作控制(2)&\r\nJava定时任务执行&&\r\nJava网络编程&\r\n网络基础知识&\r\nJava UDP 编程&\r\nJava TCP 编程&\r\nJava HTTP 编程&\r\nJava HTTP 编程 (HttpClient)&\r\nJava NIO 编程&\r\nJava AIO 编程&\r\nNetty编程&\r\n邮件基础知识&\r\nJava Mail编程&&\r\nJava混合编程&\r\nJava调用Java程序(RMI)&\r\nJava调用C程序(JNI)&\r\nJava调用Javascript程序(Nashorn)&\r\nJava调用Python程序(Jython)&\r\nJava调用Web Service&\r\nJava调用命令行&', '/CFilteringUpload/video/20190521822347583951.mp4', '/CFilteringUpload/video/20190512822385874950.png', '全球三大编程语言之一', null);
INSERT INTO `learnpath` VALUES ('7', 'c语言基础', '1', 'web基础之HTML/HTML5&\r\nH5新增标签、属性&\r\n音视频&\r\n表单验证&\r\n存储&\r\nCanvas&\r\n音视频&\r\n地图&&\r\nWeb基础之JavaScript/ES6&\r\n基础语法&\r\n流程控制语句&\r\n内置对象&\r\nDOM&\r\nBOM&\r\n变量、作用域&\r\n函数、事件&\r\n面向对象&\r\n正则表达式&\r\nPromise&\r\n解构赋值&\r\nES6 Class&', '/CFilteringUpload/video/20190522822382943951.mp4', '/CFilteringUpload/video/20185412525685964525.jpg', 'c语言基础', null);
INSERT INTO `learnpath` VALUES ('8', '数据库基础', '1', '高级文件处理&\r\nXML简介&\r\nXML解析(DOM方法)&\r\nXML解析(SAX方法)&\r\nXML解析(Stax方法)&\r\nJSON简介及解析&\r\n图形图像简介及解析&\r\n条形码和二维码简介及解析&\r\nDocx简介及解析&\r\n表格文件简介及解析&\r\nPDF简介及解析&&\r\nJava多线程和并发编程&\r\n多进程和多线程简介&\r\nJava多线程实现&\r\nJava多线程信息共享&\r\nJava多线程管理(1)&\r\nJava多线程管理(2)&\r\nJava并发框架Executor&\r\nJava并发框架Fork-Join&\r\nJava并发数据结构&\r\nJava并发协作控制(1)&\r\nJava并发协作控制(2)&\r\nJava定时任务执行&&\r\nJava网络编程&\r\n网络基础知识&\r\nJava UDP 编程&\r\nJava TCP 编程&\r\nJava HTTP 编程&\r\nJava HTTP 编程 (HttpClient)&\r\nJava NIO 编程&\r\nJava AIO 编程&\r\nNetty编程&\r\n邮件基础知识&\r\nJava Mail编程&&\r\nJava混合编程&\r\nJava调用Java程序(RMI)&\r\nJava调用C程序(JNI)&\r\nJava调用Javascript程序(Nashorn)&\r\nJava调用Python程序(Jython)&\r\nJava调用Web Service&\r\nJava调用命令行&', '/CFilteringUpload/video/20190522822382943951.mp4', '/CFilteringUpload/video/20174512545585964525.jpg', '数据库基础', null);
INSERT INTO `learnpath` VALUES ('9', 'NIO的应用', '1', '高级文件处理&\r\nXML简介&\r\nXML解析(DOM方法)&\r\nXML解析(SAX方法)&\r\nXML解析(Stax方法)&\r\nJSON简介及解析&\r\n图形图像简介及解析&\r\n条形码和二维码简介及解析&\r\nDocx简介及解析&\r\n表格文件简介及解析&\r\nPDF简介及解析&&\r\nJava多线程和并发编程&\r\n多进程和多线程简介&\r\nJava多线程实现&\r\nJava多线程信息共享&\r\nJava多线程管理(1)&\r\nJava多线程管理(2)&\r\nJava并发框架Executor&\r\nJava并发框架Fork-Join&\r\nJava并发数据结构&\r\nJava并发协作控制(1)&\r\nJava并发协作控制(2)&\r\nJava定时任务执行&&\r\nJava网络编程&\r\n网络基础知识&\r\nJava UDP 编程&\r\nJava TCP 编程&\r\nJava HTTP 编程&\r\nJava HTTP 编程 (HttpClient)&\r\nJava NIO 编程&\r\nJava AIO 编程&\r\nNetty编程&\r\n邮件基础知识&\r\nJava Mail编程&&\r\nJava混合编程&\r\nJava调用Java程序(RMI)&\r\nJava调用C程序(JNI)&\r\nJava调用Javascript程序(Nashorn)&\r\nJava调用Python程序(Jython)&\r\nJava调用Web Service&\r\nJava调用命令行&', '/CFilteringUpload/video/20190523821282943951.mp4', '/CFilteringUpload/video/20185412525355964525.jpg', 'NIO的高级应用', null);
INSERT INTO `learnpath` VALUES ('10', 'javascript语言', '1', '高级文件处理&\r\nXML简介&\r\nXML解析(DOM方法)&\r\nXML解析(SAX方法)&\r\nXML解析(Stax方法)&\r\nJSON简介及解析&\r\n图形图像简介及解析&\r\n条形码和二维码简介及解析&\r\nDocx简介及解析&\r\n表格文件简介及解析&\r\nPDF简介及解析&&\r\nJava多线程和并发编程&\r\n多进程和多线程简介&\r\nJava多线程实现&\r\nJava多线程信息共享&\r\nJava多线程管理(1)&\r\nJava多线程管理(2)&\r\nJava并发框架Executor&\r\nJava并发框架Fork-Join&\r\nJava并发数据结构&\r\nJava并发协作控制(1)&\r\nJava并发协作控制(2)&\r\nJava定时任务执行&&\r\nJava网络编程&\r\n网络基础知识&\r\nJava UDP 编程&\r\nJava TCP 编程&\r\nJava HTTP 编程&\r\nJava HTTP 编程 (HttpClient)&\r\nJava NIO 编程&\r\nJava AIO 编程&\r\nNetty编程&\r\n邮件基础知识&\r\nJava Mail编程&&\r\nJava混合编程&\r\nJava调用Java程序(RMI)&\r\nJava调用C程序(JNI)&\r\nJava调用Javascript程序(Nashorn)&\r\nJava调用Python程序(Jython)&\r\nJava调用Web Service&\r\nJava调用命令行&', '/CFilteringUpload/video/20190522822382943951.mp4', '/CFilteringUpload/video/20185412312485964525.jpg', 'javascript的高级应用', null);

-- ----------------------------
-- Table structure for `manager`
-- ----------------------------
DROP TABLE IF EXISTS `manager`;
CREATE TABLE `manager` (
  `id` int(11) NOT NULL AUTO_INCREMENT,
  `manager_name` varchar(20) DEFAULT NULL,
  `email` varchar(20) DEFAULT NULL,
  `password` varchar(255) DEFAULT NULL,
  `manager_flag` int(11) DEFAULT NULL,
  PRIMARY KEY (`id`)
) ENGINE=InnoDB DEFAULT CHARSET=utf8;

-- ----------------------------
-- Records of manager
-- ----------------------------

-- ----------------------------
-- Table structure for `publish`
-- ----------------------------
DROP TABLE IF EXISTS `publish`;
CREATE TABLE `publish` (
  `id` int(11) NOT NULL AUTO_INCREMENT,
  `name` varchar(255) DEFAULT NULL,
  PRIMARY KEY (`id`)
) ENGINE=InnoDB AUTO_INCREMENT=33 DEFAULT CHARSET=utf8;

-- ----------------------------
-- Records of publish
-- ----------------------------
INSERT INTO `publish` VALUES ('1', '清华大学出版社');
INSERT INTO `publish` VALUES ('2', '电子工业出版社');
INSERT INTO `publish` VALUES ('3', '北京邮电出版社');
INSERT INTO `publish` VALUES ('4', '人民邮电出版社');
INSERT INTO `publish` VALUES ('5', '科学出版社');
INSERT INTO `publish` VALUES ('6', '机械工业出版社');
INSERT INTO `publish` VALUES ('7', '中国林业出版社');
INSERT INTO `publish` VALUES ('8', '化学工业出版社');
INSERT INTO `publish` VALUES ('9', '人民教育出版社');
INSERT INTO `publish` VALUES ('10', '湖南科学技术出版社');
INSERT INTO `publish` VALUES ('11', '教育科学出版社');
INSERT INTO `publish` VALUES ('12', '中国电力出版社');
INSERT INTO `publish` VALUES ('13', '高等教育出版社');
INSERT INTO `publish` VALUES ('14', '商务印书馆');
INSERT INTO `publish` VALUES ('15', '北京师范大学出版社');
INSERT INTO `publish` VALUES ('16', '北京大学出版社');
INSERT INTO `publish` VALUES ('17', '中国人民大学出版社');
INSERT INTO `publish` VALUES ('18', '华东师范大学出版社会');
INSERT INTO `publish` VALUES ('19', '浙江大学出版社');
INSERT INTO `publish` VALUES ('20', '华中科技大学出版社');
INSERT INTO `publish` VALUES ('21', '武汉大学出版社');
INSERT INTO `publish` VALUES ('22', '西安交通大学出版社');
INSERT INTO `publish` VALUES ('23', '北京师范大学出版社');
INSERT INTO `publish` VALUES ('24', '中南大学出版社');
INSERT INTO `publish` VALUES ('25', '华中师范大学出版社');
INSERT INTO `publish` VALUES ('26', '厦门大学出版社');
INSERT INTO `publish` VALUES ('27', '复旦大学出版社');
INSERT INTO `publish` VALUES ('28', '人民交通出版社');
INSERT INTO `publish` VALUES ('29', '南京大学出版社');
INSERT INTO `publish` VALUES ('30', '东南大学出版社');
INSERT INTO `publish` VALUES ('31', '电子科技大学出版社');
INSERT INTO `publish` VALUES ('32', '西安电子科技大学出版社');

-- ----------------------------
-- Table structure for `user`
-- ----------------------------
DROP TABLE IF EXISTS `user`;
CREATE TABLE `user` (
  `id` int(11) NOT NULL AUTO_INCREMENT,
  `name` varchar(255) DEFAULT NULL,
  `email` varchar(255) DEFAULT NULL,
  `password` varchar(100) DEFAULT NULL,
  `phone` varchar(255) DEFAULT NULL,
  `profile_img` varchar(255) DEFAULT NULL,
  `gender` int(11) DEFAULT NULL,
  `register_time` varchar(255) DEFAULT NULL,
  PRIMARY KEY (`id`)
) ENGINE=InnoDB AUTO_INCREMENT=5 DEFAULT CHARSET=utf8;

-- ----------------------------
-- Records of user
-- ----------------------------
INSERT INTO `user` VALUES ('1', 'qinga', '594176850@qq.com', 'd4074a1e6752c584b4134b6f943e3a67', '18270921764', '/CFilteringUpload/headImages/default_head_images.jpg', null, '2019-03-14 20:55:51');
INSERT INTO `user` VALUES ('2', '青a', '594176850@qq.com', 'd4074a1e6752c584b4134b6f943e3a67', '18270921745', '/CFilteringUpload/headImages/default_head_images.jpg', null, '2019-04-20 22:22:13');
INSERT INTO `user` VALUES ('3', '苏哇宝', '5473512721@qq.com', 'd4074a1e6752c584b4134b6f943e3a67', '18270921547', '/CFilteringUpload/headImages/default_head_images.jpg', null, '2019-04-22 21:37:25');
INSERT INTO `user` VALUES ('4', 'qinga', null, '29db6fcdf466da841a2e85668b1baa0a', null, 'https://avatars2.githubusercontent.com/u/37207203?v=4', null, null);

-- ----------------------------
-- Table structure for `user_bookhouse_map`
-- ----------------------------
DROP TABLE IF EXISTS `user_bookhouse_map`;
CREATE TABLE `user_bookhouse_map` (
  `id` int(11) NOT NULL AUTO_INCREMENT,
  `house_time` varchar(255) DEFAULT NULL,
  `user_id` int(11) DEFAULT NULL,
  `books_id` int(11) DEFAULT NULL,
  PRIMARY KEY (`id`),
  KEY `FKonlmslg2ab5rjgcceyck11l3i` (`user_id`),
  KEY `FK5hotnoiagcfs32n6c7ipca8o` (`books_id`),
  CONSTRAINT `FK5hotnoiagcfs32n6c7ipca8o` FOREIGN KEY (`books_id`) REFERENCES `books` (`id`),
  CONSTRAINT `FKonlmslg2ab5rjgcceyck11l3i` FOREIGN KEY (`user_id`) REFERENCES `user` (`id`)
) ENGINE=InnoDB AUTO_INCREMENT=4 DEFAULT CHARSET=utf8;

-- ----------------------------
-- Records of user_bookhouse_map
-- ----------------------------
INSERT INTO `user_bookhouse_map` VALUES ('1', '2019-03-15 21:54:32', '1', '5');
INSERT INTO `user_bookhouse_map` VALUES ('2', '2019-05-14 17:03:54', '3', '43');
INSERT INTO `user_bookhouse_map` VALUES ('3', '2019-05-15 16:19:22', '3', '31');

-- ----------------------------
-- Table structure for `user_book_comments_map`
-- ----------------------------
DROP TABLE IF EXISTS `user_book_comments_map`;
CREATE TABLE `user_book_comments_map` (
  `id` int(11) NOT NULL AUTO_INCREMENT,
  `comments` longtext,
  `comments_time` varchar(255) DEFAULT NULL,
  `user_id` int(11) DEFAULT NULL,
  `books_id` int(11) DEFAULT NULL,
  PRIMARY KEY (`id`),
  KEY `FK95stn0sod719tq3cm049pete6` (`user_id`),
  KEY `FKpdyhmkkcyiw766f2790r8fcq0` (`books_id`),
  CONSTRAINT `FK95stn0sod719tq3cm049pete6` FOREIGN KEY (`user_id`) REFERENCES `user` (`id`),
  CONSTRAINT `FKpdyhmkkcyiw766f2790r8fcq0` FOREIGN KEY (`books_id`) REFERENCES `books` (`id`)
) ENGINE=InnoDB AUTO_INCREMENT=5 DEFAULT CHARSET=utf8;

-- ----------------------------
-- Records of user_book_comments_map
-- ----------------------------
INSERT INTO `user_book_comments_map` VALUES ('1', '很不错的一本书，强力推荐。', '2019-04-22 21:23:22', '1', '5');
INSERT INTO `user_book_comments_map` VALUES ('2', 'java圣经', '2019-04-27 18:11:46', '3', '17');
INSERT INTO `user_book_comments_map` VALUES ('3', '很不错的一本javascript书籍', '2019-05-14 17:03:44', '3', '43');
INSERT INTO `user_book_comments_map` VALUES ('4', 'java圣经书籍', '2019-05-15 16:17:52', '3', '17');

-- ----------------------------
-- Table structure for `user_book_score_map`
-- ----------------------------
DROP TABLE IF EXISTS `user_book_score_map`;
CREATE TABLE `user_book_score_map` (
  `id` int(11) NOT NULL AUTO_INCREMENT,
  `score` float DEFAULT NULL,
  `user_id` int(11) DEFAULT NULL,
  `books_id` int(11) DEFAULT NULL,
  PRIMARY KEY (`id`),
  KEY `FKij3lwqciaoqfwn17r3uyp4ueh` (`user_id`),
  KEY `FK5w75sr7cl8n4ydjvsw9whxknn` (`books_id`),
  CONSTRAINT `FK5w75sr7cl8n4ydjvsw9whxknn` FOREIGN KEY (`books_id`) REFERENCES `books` (`id`),
  CONSTRAINT `FKij3lwqciaoqfwn17r3uyp4ueh` FOREIGN KEY (`user_id`) REFERENCES `user` (`id`)
) ENGINE=InnoDB AUTO_INCREMENT=157 DEFAULT CHARSET=utf8;

-- ----------------------------
-- Records of user_book_score_map
-- ----------------------------
INSERT INTO `user_book_score_map` VALUES ('1', '8', '1', '5');
INSERT INTO `user_book_score_map` VALUES ('2', '1', '2', '5');
INSERT INTO `user_book_score_map` VALUES ('3', '1', '2', '6');
INSERT INTO `user_book_score_map` VALUES ('4', '1', '2', '7');
INSERT INTO `user_book_score_map` VALUES ('5', '1', '2', '8');
INSERT INTO `user_book_score_map` VALUES ('6', '1', '2', '9');
INSERT INTO `user_book_score_map` VALUES ('7', '1', '2', '10');
INSERT INTO `user_book_score_map` VALUES ('8', '1', '2', '11');
INSERT INTO `user_book_score_map` VALUES ('9', '1', '2', '12');
INSERT INTO `user_book_score_map` VALUES ('10', '1', '2', '13');
INSERT INTO `user_book_score_map` VALUES ('11', '1', '2', '14');
INSERT INTO `user_book_score_map` VALUES ('12', '1', '2', '15');
INSERT INTO `user_book_score_map` VALUES ('13', '1', '2', '16');
INSERT INTO `user_book_score_map` VALUES ('14', '1', '2', '17');
INSERT INTO `user_book_score_map` VALUES ('15', '1', '2', '18');
INSERT INTO `user_book_score_map` VALUES ('16', '1', '2', '19');
INSERT INTO `user_book_score_map` VALUES ('17', '1', '2', '20');
INSERT INTO `user_book_score_map` VALUES ('18', '1', '2', '21');
INSERT INTO `user_book_score_map` VALUES ('19', '1', '2', '22');
INSERT INTO `user_book_score_map` VALUES ('20', '1', '2', '23');
INSERT INTO `user_book_score_map` VALUES ('21', '1', '2', '24');
INSERT INTO `user_book_score_map` VALUES ('22', '1', '2', '25');
INSERT INTO `user_book_score_map` VALUES ('23', '1', '2', '26');
INSERT INTO `user_book_score_map` VALUES ('24', '1', '2', '27');
INSERT INTO `user_book_score_map` VALUES ('25', '1', '2', '28');
INSERT INTO `user_book_score_map` VALUES ('26', '1', '2', '29');
INSERT INTO `user_book_score_map` VALUES ('27', '1', '2', '30');
INSERT INTO `user_book_score_map` VALUES ('28', '1', '2', '31');
INSERT INTO `user_book_score_map` VALUES ('29', '1', '2', '32');
INSERT INTO `user_book_score_map` VALUES ('30', '1', '2', '33');
INSERT INTO `user_book_score_map` VALUES ('31', '1', '2', '34');
INSERT INTO `user_book_score_map` VALUES ('32', '1', '2', '35');
INSERT INTO `user_book_score_map` VALUES ('33', '1', '2', '36');
INSERT INTO `user_book_score_map` VALUES ('34', '1', '2', '37');
INSERT INTO `user_book_score_map` VALUES ('35', '1', '2', '38');
INSERT INTO `user_book_score_map` VALUES ('36', '1', '2', '39');
INSERT INTO `user_book_score_map` VALUES ('37', '1', '3', '5');
INSERT INTO `user_book_score_map` VALUES ('38', '1', '3', '6');
INSERT INTO `user_book_score_map` VALUES ('39', '1', '3', '7');
INSERT INTO `user_book_score_map` VALUES ('40', '1', '3', '8');
INSERT INTO `user_book_score_map` VALUES ('41', '1', '3', '9');
INSERT INTO `user_book_score_map` VALUES ('42', '1', '3', '10');
INSERT INTO `user_book_score_map` VALUES ('43', '1', '3', '11');
INSERT INTO `user_book_score_map` VALUES ('44', '1', '3', '12');
INSERT INTO `user_book_score_map` VALUES ('45', '1', '3', '13');
INSERT INTO `user_book_score_map` VALUES ('46', '1', '3', '14');
INSERT INTO `user_book_score_map` VALUES ('47', '1', '3', '15');
INSERT INTO `user_book_score_map` VALUES ('48', '1', '3', '16');
INSERT INTO `user_book_score_map` VALUES ('49', '10', '3', '17');
INSERT INTO `user_book_score_map` VALUES ('50', '1', '3', '18');
INSERT INTO `user_book_score_map` VALUES ('51', '1', '3', '19');
INSERT INTO `user_book_score_map` VALUES ('52', '1', '3', '20');
INSERT INTO `user_book_score_map` VALUES ('53', '1', '3', '21');
INSERT INTO `user_book_score_map` VALUES ('54', '1', '3', '22');
INSERT INTO `user_book_score_map` VALUES ('55', '1', '3', '23');
INSERT INTO `user_book_score_map` VALUES ('56', '1', '3', '24');
INSERT INTO `user_book_score_map` VALUES ('57', '1', '3', '25');
INSERT INTO `user_book_score_map` VALUES ('58', '1', '3', '26');
INSERT INTO `user_book_score_map` VALUES ('59', '1', '3', '27');
INSERT INTO `user_book_score_map` VALUES ('60', '1', '3', '28');
INSERT INTO `user_book_score_map` VALUES ('61', '1', '3', '29');
INSERT INTO `user_book_score_map` VALUES ('62', '1', '3', '30');
INSERT INTO `user_book_score_map` VALUES ('63', '4', '3', '31');
INSERT INTO `user_book_score_map` VALUES ('64', '1', '3', '32');
INSERT INTO `user_book_score_map` VALUES ('65', '1', '3', '33');
INSERT INTO `user_book_score_map` VALUES ('66', '1', '3', '34');
INSERT INTO `user_book_score_map` VALUES ('67', '1', '3', '35');
INSERT INTO `user_book_score_map` VALUES ('68', '1', '3', '36');
INSERT INTO `user_book_score_map` VALUES ('69', '1', '3', '37');
INSERT INTO `user_book_score_map` VALUES ('70', '1', '3', '38');
INSERT INTO `user_book_score_map` VALUES ('71', '1', '3', '39');
INSERT INTO `user_book_score_map` VALUES ('72', '1', '3', '40');
INSERT INTO `user_book_score_map` VALUES ('73', '1', '3', '41');
INSERT INTO `user_book_score_map` VALUES ('74', '1', '3', '42');
INSERT INTO `user_book_score_map` VALUES ('75', '10', '3', '43');
INSERT INTO `user_book_score_map` VALUES ('76', '2', '3', '44');
INSERT INTO `user_book_score_map` VALUES ('77', '1', '3', '45');
INSERT INTO `user_book_score_map` VALUES ('78', '1', '3', '46');
INSERT INTO `user_book_score_map` VALUES ('79', '1', '3', '47');
INSERT INTO `user_book_score_map` VALUES ('80', '1', '3', '48');
INSERT INTO `user_book_score_map` VALUES ('81', '1', '3', '49');
INSERT INTO `user_book_score_map` VALUES ('82', '1', '3', '50');
INSERT INTO `user_book_score_map` VALUES ('83', '1', '3', '51');
INSERT INTO `user_book_score_map` VALUES ('84', '1', '3', '52');
INSERT INTO `user_book_score_map` VALUES ('85', '1', '3', '53');
INSERT INTO `user_book_score_map` VALUES ('86', '1', '3', '54');
INSERT INTO `user_book_score_map` VALUES ('87', '1', '3', '55');
INSERT INTO `user_book_score_map` VALUES ('88', '1', '3', '56');
INSERT INTO `user_book_score_map` VALUES ('89', '1', '3', '57');
INSERT INTO `user_book_score_map` VALUES ('90', '1', '3', '58');
INSERT INTO `user_book_score_map` VALUES ('91', '1', '3', '59');
INSERT INTO `user_book_score_map` VALUES ('92', '1', '3', '60');
INSERT INTO `user_book_score_map` VALUES ('93', '1', '3', '61');
INSERT INTO `user_book_score_map` VALUES ('94', '1', '3', '62');
INSERT INTO `user_book_score_map` VALUES ('95', '1', '4', '5');
INSERT INTO `user_book_score_map` VALUES ('96', '1', '4', '6');
INSERT INTO `user_book_score_map` VALUES ('97', '1', '4', '7');
INSERT INTO `user_book_score_map` VALUES ('98', '1', '4', '8');
INSERT INTO `user_book_score_map` VALUES ('99', '1', '4', '9');
INSERT INTO `user_book_score_map` VALUES ('100', '1', '4', '10');
INSERT INTO `user_book_score_map` VALUES ('101', '1', '4', '11');
INSERT INTO `user_book_score_map` VALUES ('102', '1', '4', '12');
INSERT INTO `user_book_score_map` VALUES ('103', '1', '4', '13');
INSERT INTO `user_book_score_map` VALUES ('104', '1', '4', '14');
INSERT INTO `user_book_score_map` VALUES ('105', '1', '4', '15');
INSERT INTO `user_book_score_map` VALUES ('106', '1', '4', '16');
INSERT INTO `user_book_score_map` VALUES ('107', '1', '4', '17');
INSERT INTO `user_book_score_map` VALUES ('108', '1', '4', '18');
INSERT INTO `user_book_score_map` VALUES ('109', '1', '4', '19');
INSERT INTO `user_book_score_map` VALUES ('110', '1', '4', '20');
INSERT INTO `user_book_score_map` VALUES ('111', '1', '4', '21');
INSERT INTO `user_book_score_map` VALUES ('112', '1', '4', '22');
INSERT INTO `user_book_score_map` VALUES ('113', '1', '4', '23');
INSERT INTO `user_book_score_map` VALUES ('114', '1', '4', '24');
INSERT INTO `user_book_score_map` VALUES ('115', '1', '4', '25');
INSERT INTO `user_book_score_map` VALUES ('116', '1', '4', '26');
INSERT INTO `user_book_score_map` VALUES ('117', '1', '4', '27');
INSERT INTO `user_book_score_map` VALUES ('118', '1', '4', '28');
INSERT INTO `user_book_score_map` VALUES ('119', '1', '4', '29');
INSERT INTO `user_book_score_map` VALUES ('120', '1', '4', '30');
INSERT INTO `user_book_score_map` VALUES ('121', '1', '4', '31');
INSERT INTO `user_book_score_map` VALUES ('122', '1', '4', '32');
INSERT INTO `user_book_score_map` VALUES ('123', '1', '4', '33');
INSERT INTO `user_book_score_map` VALUES ('124', '1', '4', '34');
INSERT INTO `user_book_score_map` VALUES ('125', '1', '4', '35');
INSERT INTO `user_book_score_map` VALUES ('126', '1', '4', '36');
INSERT INTO `user_book_score_map` VALUES ('127', '1', '4', '37');
INSERT INTO `user_book_score_map` VALUES ('128', '1', '4', '38');
INSERT INTO `user_book_score_map` VALUES ('129', '1', '4', '39');
INSERT INTO `user_book_score_map` VALUES ('130', '1', '4', '40');
INSERT INTO `user_book_score_map` VALUES ('131', '1', '4', '41');
INSERT INTO `user_book_score_map` VALUES ('132', '1', '4', '42');
INSERT INTO `user_book_score_map` VALUES ('133', '1', '4', '43');
INSERT INTO `user_book_score_map` VALUES ('134', '1', '4', '44');
INSERT INTO `user_book_score_map` VALUES ('135', '1', '4', '45');
INSERT INTO `user_book_score_map` VALUES ('136', '1', '4', '46');
INSERT INTO `user_book_score_map` VALUES ('137', '1', '4', '47');
INSERT INTO `user_book_score_map` VALUES ('138', '1', '4', '48');
INSERT INTO `user_book_score_map` VALUES ('139', '1', '4', '49');
INSERT INTO `user_book_score_map` VALUES ('140', '1', '4', '50');
INSERT INTO `user_book_score_map` VALUES ('141', '1', '4', '51');
INSERT INTO `user_book_score_map` VALUES ('142', '1', '4', '52');
INSERT INTO `user_book_score_map` VALUES ('143', '1', '4', '53');
INSERT INTO `user_book_score_map` VALUES ('144', '1', '4', '54');
INSERT INTO `user_book_score_map` VALUES ('145', '1', '4', '55');
INSERT INTO `user_book_score_map` VALUES ('146', '1', '4', '56');
INSERT INTO `user_book_score_map` VALUES ('147', '1', '4', '57');
INSERT INTO `user_book_score_map` VALUES ('148', '1', '4', '58');
INSERT INTO `user_book_score_map` VALUES ('149', '1', '4', '59');
INSERT INTO `user_book_score_map` VALUES ('150', '1', '4', '60');
INSERT INTO `user_book_score_map` VALUES ('151', '1', '4', '61');
INSERT INTO `user_book_score_map` VALUES ('152', '1', '4', '62');
INSERT INTO `user_book_score_map` VALUES ('153', '1', '4', '63');
INSERT INTO `user_book_score_map` VALUES ('154', '1', '4', '64');
INSERT INTO `user_book_score_map` VALUES ('155', '1', '4', '65');
INSERT INTO `user_book_score_map` VALUES ('156', '1', '4', '66');

-- ----------------------------
-- Table structure for `user_dynamic_share_map`
-- ----------------------------
DROP TABLE IF EXISTS `user_dynamic_share_map`;
CREATE TABLE `user_dynamic_share_map` (
  `id` int(11) NOT NULL AUTO_INCREMENT,
  `comments` longtext,
  `thumbs_up` int(11) DEFAULT NULL,
  `commnet_time` varchar(255) DEFAULT NULL,
  `user_id` int(11) DEFAULT NULL,
  `dynamicshare_id` int(11) DEFAULT NULL,
  PRIMARY KEY (`id`),
  KEY `FKtlso0gqaej9mqbd0v1pn988ux` (`user_id`),
  KEY `FK9yysyf2h38h4hw154hy7d5s2y` (`dynamicshare_id`),
  CONSTRAINT `FK9yysyf2h38h4hw154hy7d5s2y` FOREIGN KEY (`dynamicshare_id`) REFERENCES `dynamic_share` (`id`),
  CONSTRAINT `FKtlso0gqaej9mqbd0v1pn988ux` FOREIGN KEY (`user_id`) REFERENCES `user` (`id`)
) ENGINE=InnoDB AUTO_INCREMENT=4 DEFAULT CHARSET=utf8;

-- ----------------------------
-- Records of user_dynamic_share_map
-- ----------------------------
INSERT INTO `user_dynamic_share_map` VALUES ('1', 'null;写的很不错哈;graly哈哈哈哈哈哈', '4', null, '4', '3');
INSERT INTO `user_dynamic_share_map` VALUES ('2', null, '1', null, '4', '6');
INSERT INTO `user_dynamic_share_map` VALUES ('3', 'null;很不错呦', '1', null, '3', '8');

-- ----------------------------
-- Table structure for `user_learnpath`
-- ----------------------------
DROP TABLE IF EXISTS `user_learnpath`;
CREATE TABLE `user_learnpath` (
  `id` int(11) NOT NULL AUTO_INCREMENT,
  `create_time` varchar(255) DEFAULT NULL,
  `last_edit_time` varchar(255) DEFAULT NULL,
  `learnpath_id` int(11) DEFAULT NULL,
  `user_id` int(11) DEFAULT NULL,
  PRIMARY KEY (`id`),
  KEY `FKlvkio20eibyuk3hvd8533okmw` (`learnpath_id`),
  KEY `FK1wl6hc9569c1fcv9njec0a1du` (`user_id`),
  CONSTRAINT `FK1wl6hc9569c1fcv9njec0a1du` FOREIGN KEY (`user_id`) REFERENCES `user` (`id`),
  CONSTRAINT `FKlvkio20eibyuk3hvd8533okmw` FOREIGN KEY (`learnpath_id`) REFERENCES `learnpath` (`id`)
) ENGINE=InnoDB DEFAULT CHARSET=utf8;

-- ----------------------------
-- Records of user_learnpath
-- ----------------------------

-- ----------------------------
-- Table structure for `user_skim_map`
-- ----------------------------
DROP TABLE IF EXISTS `user_skim_map`;
CREATE TABLE `user_skim_map` (
  `id` int(11) NOT NULL AUTO_INCREMENT,
  `skim_score` double DEFAULT NULL,
  `user_id` int(11) DEFAULT NULL,
  `books_id` int(11) DEFAULT NULL,
  PRIMARY KEY (`id`),
  KEY `FK9w4pcen780w3tmv0camaj48d1` (`user_id`),
  KEY `FKtixc1u08sl67wb1p72yqxcnpl` (`books_id`),
  CONSTRAINT `FK9w4pcen780w3tmv0camaj48d1` FOREIGN KEY (`user_id`) REFERENCES `user` (`id`),
  CONSTRAINT `FKtixc1u08sl67wb1p72yqxcnpl` FOREIGN KEY (`books_id`) REFERENCES `books` (`id`)
) ENGINE=InnoDB DEFAULT CHARSET=utf8;

-- ----------------------------
-- Records of user_skim_map
-- ----------------------------
